prid,status,posted_ist,office,ministry,title
2315463,200,26 SEP 2026 11:45PM,PIB Delhi,Prime Minister's Office,Prime Minister congratulates Sawan Barwal on winning historic Silver medal in Men’s Marathon at Asian Games
2315470,200,27 SEP 2026 10:19AM,PIB Delhi,Ministry of Agriculture & Farmers Welfare,Two-Day National Conference on Rabi Campaign 2026 to Begin Tomorrow in New Delhi
2315489,200,27 SEP 2026 11:35AM,PIB Delhi,PIB Backgrounder,Bharat Maritime Insurance Pool
2315491,200,27 SEP 2026 11:40AM,PIB Delhi,Prime Minister's Office,English rendering of PM’s address in the 138th Episode of Mann Ki Baat on 27.09.2026
2315501,200,27 SEP 2026 11:57AM,PIB Delhi,PIB Backgrounder,Power from Waste
2315516,200,27 SEP 2026 1:40PM,PIB Delhi,Ministry of Defence,"India Does Not Seek to Occupy Any Country’s Territory, But Will Safeguard Its Security and Strategic Autonomy When Threatened: Rajnath Singh"
2315523,200,27 SEP 2026 2:10PM,PIB Delhi,Ministry of Commerce & Industry,Union Minister of Commerce and Industry Shri Piyush Goyal Highlights Uttar Pradesh’s Growing Global Trade and Investment Opportunities
2315530,200,27 SEP 2026 2:52PM,PIB Delhi,Vice President's Secretariat,"Vice-President C. P. Radhakrishnan Participates in Vishwa Seva Dinam Celebrations Marking Mata Amritanandamayi Devi’s 73rd Birthday in Amritapuri , Kollam"
2315531,200,27 SEP 2026 3:00PM,PIB Delhi,Ministry of Science & Technology,Nanomedicine to Drive the Next Generation of Precision Medicine and Personalised Healthcare: Dr. Jitendra Singh
2315532,200,27 SEP 2026 3:03PM,PIB Delhi,Ministry of Culture,"Rajasthan’s Art, Faith, Royalty and Sporting Legacy on Display at PM Mementos e-Auction 2026"
2315538,200,27 SEP 2026 3:17PM,PIB Delhi,"Ministry of Fisheries, Animal Husbandry & Dairying",Union Minister Shri Rajiv Ranjan Singh alias Lalan Singh to Launch Livestock Insurance Portal in New Delhi on 28 September 2026
2315543,200,27 SEP 2026 3:33PM,PIB Delhi,Ministry of Home Affairs,"Union Home Minister and Minister of Cooperation Shri Amit Shah inaugurates development projects worth ₹1,472 crore and flagged off the country’s first LNG-powered train from Sabarmati Railway Station "
2315563,200,27 SEP 2026 4:45PM,PIB Delhi,Ministry of Defence,EXERCISE TARANG SHAKTI 2026: “POWER IN PARTNERSHIP”
2315566,200,27 SEP 2026 4:54PM,PIB Delhi,Ministry of Youth Affairs and Sports,PM Modi Highlights Youth-Led Momentum of Nasha Mukt Yuva Abhiyan
2315577,200,27 SEP 2026 5:30PM,PIB Delhi,Ministry of Social Justice & Empowerment,"Senior Citizens of Jay Shriram Senior Citizen Home, Kargani Maharashtra Lead by Example in Swachhata Drive"
2315585,200,27 SEP 2026 5:52PM,PIB Delhi,Ministry of Defence,INDIAN NAVAL SHIPS SAHYADRI AND KULISH CONCLUDE PARTICIPATION IN ADMM-PLUS MARITIME SECURITY JOINT COOPERATION ACTIVITY
2315603,200,27 SEP 2026 6:23PM,PIB Delhi,Vice President's Secretariat,Vice-President Shri C. P. Radhakrishnan graces the 15th Graduation Day Ceremony of Sree Uthradom Thirunal (SUT) Academy of Medical Sciences in Thiruvananthapuram
2315617,200,27 SEP 2026 7:03PM,PIB Delhi,Ministry of Culture,Lalit Kala Akademi Announces 20 Lalit Kala Akademi Awards at the 65th National Exhibition of Art
2315631,200,27 SEP 2026 7:40PM,PIB Delhi,Ministry of Home Affairs,Union Home Minister and Minister of Cooperation Shri Amit Shah addresses the inaugural ceremony of centenary year celebrations commemorating birth anniversary of former VHP president Ashok Singhal
2315634,200,27 SEP 2026 7:53PM,PIB Delhi,"Ministry of Environment, Forest and Climate Change","National Zoological Park organises 15th Sunday Bird Walk and 4th Butterfly and Dragonfly Walk, to promote Citizen Science and Biodiversity Conservation"
2315637,200,27 SEP 2026 8:12PM,PIB Delhi,Ministry of Tourism,Tourism growth must reach beyond popular destinations and create opportunities for local communities: Union Minister of Tourism & Culture Shri Gajendra Singh Shekhawat
2315639,200,27 SEP 2026 8:24PM,PIB Delhi,Prime Minister's Office,Prime Minister congratulates Abhay Singh on winning Silver Medal in Men’s Singles Squash at Asian Games
2315640,200,27 SEP 2026 8:24PM,PIB Delhi,Ministry of Skill Development and Entrepreneurship,"India Ranks 10th at WorldSkills Shanghai 2026, Wins 6 Silver Medals and 20 Medal for Excellence"
2315641,200,27 SEP 2026 8:27PM,PIB Delhi,Prime Minister's Office,Prime Minister congratulates Anahat Singh on winning Silver medal in Women’s Singles Squash at Asian Games
2315642,200,27 SEP 2026 8:29PM,PIB Delhi,Prime Minister's Office,Prime Minister congratulates Harita Bhadra on winning Bronze medal in Women’s 200m at Asian Games
2315644,200,27 SEP 2026 8:31PM,PIB Delhi,Ministry of Finance,Union Minister for Finance & Corporate Affairs Smt. Nirmala Sitharaman will embark on an official visit to Qatar from 27 to 29 September 2026
2315646,200,27 SEP 2026 8:33PM,PIB Delhi,Prime Minister's Office,Prime Minister congratulates Ancy Sojan on winning Silver Medal in Women’s Long Jump at Asian Games
2315667,200,27 SEP 2026 9:08PM,PIB Delhi,Ministry of Youth Affairs and Sports,"‘Mera Swasthya, Mera Garv’ Activities Held at 400+ Locations Under Nasha Mukt Yuva for Viksit Bharat Abhiyan"
2315673,200,27 SEP 2026 9:19PM,PIB Delhi,Prime Minister's Office,Prime Minister congratulates Sarvesh Kushare on winning historic Silver medal in Men’s High Jump at Asian Games
2315675,200,27 SEP 2026 9:24PM,PIB Delhi,Prime Minister's Office,Prime Minister congratulates Parul Chaudhary on winning Bronze in Women’s 3000m Steeplechase at Asian Games
2315677,200,27 SEP 2026 9:26PM,PIB Delhi,Prime Minister's Office,Prime Minister congratulates Tejaswin Shankar on winning Bronze Medal in Men’s Decathlon at Asian Games
2315705,200,27 SEP 2026 11:48PM,PIB Delhi,Ministry of Steel,"NMDC commissions Rs 5,427 crore Iron ore processing plant,"
2315717,200,28 SEP 2026 9:24AM,PIB Delhi,Prime Minister's Office,Prime Minister pays tributes to Shaheed Bhagat Singh on his Jayanti
2315719,200,28 SEP 2026 9:27AM,PIB Delhi,Prime Minister's Office,Prime Minister pays tributes to Lata Mangeshkar on her Jayanti
2315735,200,28 SEP 2026 10:25AM,PIB Delhi,Prime Minister's Office,"Prime Minister shares a Sanskrit Subhashitam, highlighting good health as the foundation for the four goals of life"
2315740,200,28 SEP 2026 10:35AM,PIB Delhi,Prime Minister's Office,"Prime Minister pays tributes to Shri Ashok Singhal, highlighting his spiritual commitment and dedication to social unity"
2315840,200,28 SEP 2026 11:57AM,PIB Delhi,PIB Backgrounder,Pradhan Mantri Anusuchit Jaati Abhyuday Yojna (PM-AJAY)
2315847,200,28 SEP 2026 12:17PM,PIB Delhi,"Ministry of Fisheries, Animal Husbandry & Dairying",Insuring the Blue Revolution: How PM-MKSSY Is Transforming Risk Management for India's Aquaculture Farmers
2315851,200,28 SEP 2026 12:19PM,PIB Delhi,Prime Minister's Office,Prime Minister congratulates Indian Chess players
2315856,200,28 SEP 2026 12:29PM,PIB Delhi,Ministry of Defence,INDIAN ARMED FORCES CONTINGENT DEPARTS FOR JOINT MILITARY EXERCISE KAZIND-2026
2315890,200,28 SEP 2026 1:06PM,PIB Delhi,Ministry of Heavy Industries,GARC advances automotive testing under PM E-DRIVE
2315919,200,28 SEP 2026 1:50PM,PIB Delhi,"Ministry of Consumer Affairs, Food & Public Distribution",Department of Consumer Affairs observes “Swachhata Hi Seva (SHS) 2026” and Special Campaign 6
2315941,200,28 SEP 2026 2:54PM,PIB Delhi,"Ministry of Environment, Forest and Climate Change","Union Environment Minister reviews Delhi’s Air Pollution Mitigation Plan with CM Smt. Rekha Gupta; Calls for Time-bound, Coordinated Action and Public Participation"
2315943,200,28 SEP 2026 2:57PM,PIB Delhi,Ministry of Finance,"DRI busts pan-India gold smuggling network and seizes around 6.6 kg of foreign-origin gold worth more than Rs. 10 crore; 11, including a mastermind, arrested"
2315947,200,28 SEP 2026 3:15PM,PIB Delhi,AYUSH,24-Week Clinical Trial Finds No Evidence of Liver or Kidney Injury with Standardised Ashwagandha Root Extract
2315957,200,28 SEP 2026 4:00PM,PIB Delhi,Ministry of Statistics & Programme Implementation,Quick Estimates of Index of Industrial Production and Use- Based Index for the Month of August 2026 (Base 2022-23=100)
2315966,200,28 SEP 2026 3:53PM,PIB Delhi,PIB Backgrounder,Beyond the Fab
2315968,200,28 SEP 2026 3:56PM,PIB Delhi,Ministry of Commerce & Industry,14th India-UAE High Level Joint Task Force Meeting Held in Mumbai
2315977,200,28 SEP 2026 4:08PM,PIB Delhi,NITI Aayog,NITI Aayog launches Special Campaign 6.0 to institutionalise Swachhata and minimising pendency
2315989,200,28 SEP 2026 4:09PM,PIB Delhi,PIB Backgrounder,When Festivities Find a Greener Way to Celebrate
2315990,200,28 SEP 2026 4:20PM,PIB Delhi,Ministry of Social Justice & Empowerment,From Addiction to Recovery
2315994,200,28 SEP 2026 4:23PM,PIB Delhi,Department of Space,"India-France Space Cooperation Enters New Phase with Focus on Human Spaceflight, Start-ups and New Space Ecosystem: Dr. Jitendra Singh"
2315998,200,28 SEP 2026 4:24PM,PIB Delhi,Ministry of Labour & Employment,Dr. Mansukh Mandaviya Addresses National Conference on Industrial Relations and Labour & Awards 2026
2316006,200,28 SEP 2026 4:30PM,PIB Delhi,Ministry of Communications,"Trai assesses mobile network quality across South Delhi and nearby areas route under Delhi LSA during July, 2026"
2316029,200,28 SEP 2026 4:50PM,PIB Delhi,Ministry of Social Justice & Empowerment,The Path to Self-Reliance with NSFDC
2316033,200,28 SEP 2026 4:54PM,PIB Delhi,Ministry of Culture,"‘Seva Hi Sanskriti’ Initiative Takes the Message of Cleanliness, Cultural Awareness and Public Participation Across the Country; Over 2 Lakh People Participate"
2316034,200,28 SEP 2026 4:55PM,PIB Delhi,Ministry of Communications,Highlights of Telecom Subscription Data at the end of August 2026
2316037,200,28 SEP 2026 5:00PM,PIB Delhi,Ministry of Defence,INDIAN COAST GUARD RESPONDS TO MARITIME DISTRESS OFF PARADIP
2316038,200,28 SEP 2026 4:59PM,PIB Delhi,Ministry of Jal Shakti,NDSA Holds Stakeholder Consultation on Emergency Action Plans for Enhanced Dam Safety at Lonavala and Bhushi Dams
2316042,200,28 SEP 2026 5:10PM,PIB Delhi,"Ministry of Environment, Forest and Climate Change","India Reaffirms Commitment to Conservation of Whales and Other Cetaceans at IWC-70 in Hobart, Australia"
2316045,200,28 SEP 2026 5:15PM,PIB Delhi,Ministry of Defence,"INDIAN NAVY TO HOST SECOND EDITION OF COMMANDERS’ CONFERENCE 2026 AT NAUSENA BHAWAN, NEW DELHI"
2316050,200,28 SEP 2026 5:19PM,PIB Delhi,Ministry of Finance,"CBDT extends due date for furnishing Return of Income for AY 2026-27 from 31st October, 2026 to 21st November, 2026 in respect of persons subject to audit under the Income-tax Act, 1961"
2316055,200,28 SEP 2026 5:23PM,PIB Delhi,Ministry of Social Justice & Empowerment,From Financial Hardship to Academic Achievement
2316062,200,28 SEP 2026 5:27PM,PIB Delhi,Ministry of Road Transport & Highways,FASTag Annual Pass Reaches One Crore Milestone
2316065,200,28 SEP 2026 5:30PM,PIB Delhi,Ministry of Railways,Indian Railways Approves ₹223 Crore for Kavach 4.0 on 614.75 Route Kilometres of Varanasi Division
2316066,200,28 SEP 2026 5:32PM,PIB Delhi,Ministry of Railways,Indian Railways Approves ₹122 Crore for 6 km Barbil–Bolanikhadan Doubling Project of South Eastern Railway
2316070,200,28 SEP 2026 5:33PM,PIB Delhi,Ministry of Railways,Indian Railways Approves New Tri-Weekly Train Between Machilipatnam and Kurnool City via Vijayawada of South Coast Railway
2316076,200,28 SEP 2026 5:37PM,PIB Delhi,Ministry of Mines,Ministry of Mines Strengthens E-Waste Collection Drive under Special Campaign 6 to Promote Circular Economy and Critical Mineral Recovery
2316081,200,28 SEP 2026 5:38PM,PIB Delhi,Ministry of Communications,"TRAI Assesses Mobile Network Quality along the Delhi-Agra Highway route and Agra-Delhi Railway route under Delhi LSA, during the month of July 2026"
2316086,200,28 SEP 2026 5:45PM,PIB Delhi,Ministry of Defence,Second JDC meeting between India and Ethiopia held in Addis Ababa
2316100,200,28 SEP 2026 5:57PM,PIB Delhi,Ministry of Agriculture & Farmers Welfare,"Union Minister Shri Shivraj Chouhan Calls for Data-Driven Planning, Timely Procurement and Scientific Monitoring for Rabi Season 2026"
2316101,200,28 SEP 2026 6:01PM,PIB Delhi,Ministry of Communications,"Department of Telecommunications undertakes Special Campaign 6 for Swachhata, efficient record management and better office administration"
2316115,200,28 SEP 2026 6:10PM,PIB Delhi,Ministry of Steel,Ministry of Steel Announces Apex Body for Strengthening Safety Standards and improve safety culture in Steel sector
2316118,200,28 SEP 2026 6:11PM,PIB Delhi,Ministry of Defence,Second India-Fiji Bilateral Joint Working Group Meeting Held in New Delhi
2316126,200,28 SEP 2026 6:16PM,PIB Delhi,Ministry of Culture,Tamil Nadu’s Cultural Heritage and Sporting Achievements Featured in PM Mementos e-Auction 2026
2316127,200,28 SEP 2026 6:19PM,PIB Delhi,Ministry of Commerce & Industry,Union Minister of Commerce and Industry Shri Piyush Goyal to Visit the United States to Participate in G20 Trade Ministers’ Meeting
2316139,200,28 SEP 2026 6:30PM,PIB Delhi,PIB Backgrounder,Green Highways
2316140,200,28 SEP 2026 6:28PM,PIB Delhi,"Ministry of Consumer Affairs, Food & Public Distribution",Department of Food and Public Distribution Continues Swachhata Hi Seva-2026 Campaign with Cleanliness Drives and Public Awareness Activities
2316147,200,28 SEP 2026 6:46PM,PIB Delhi,Ministry of Labour & Employment,"District Awareness Programme on Labour Codes Held at Regional Labour Institute, Faridabad as part of Shram Samvad Initiative"
2316150,200,28 SEP 2026 6:50PM,PIB Delhi,Ministry of Health and Family Welfare,Union Health Minister Shri J.P. Nadda Reviews Progress of Lady Hardinge Medical College and its Associated Hospitals
2316153,200,28 SEP 2026 6:57PM,PIB Delhi,Ministry of Home Affairs,Union Home Minister and Minister of Cooperation Shri Amit Shah inaugurates the Conference on ‘PRAHAAR - CT Policy and Strategy’ in New Delhi
2316156,200,28 SEP 2026 7:00PM,PIB Delhi,Ministry of Social Justice & Empowerment,Department of Social Justice and Empowerment Organises Extempore Competition on ‘Swachhata’ under Swachhata Hi Seva Campaign 2026
2316167,200,28 SEP 2026 7:33PM,PIB Delhi,Prime Minister's Office,Prime Minister congratulates Esha Singh on winning Silver Medal in Women’s 25m Pistol Individual event at Asian Games 2026
2316168,200,28 SEP 2026 7:36PM,PIB Delhi,Prime Minister's Office,Prime Minister congratulates Pinkcy Balhara on securing Bronze Medal in Women’s 78kg Kurash at Asian Games
2316187,200,28 SEP 2026 7:54PM,PIB Delhi,Ministry of Education,Union Education Minister holds bilateral meeting with French Minister for Higher Education in New Delhi
2316206,200,28 SEP 2026 8:11PM,PIB Delhi,Ministry of Petroleum & Natural Gas,India Energy Week 2027 Sets the Stage for Global Energy Dialogue in Kolkata
2316210,200,28 SEP 2026 8:15PM,PIB Delhi,Ministry of Jal Shakti,"DoWR, RD & GR to implement Special Campaign 6 during 02-31 October, 2026"
2316216,200,28 SEP 2026 8:21PM,PIB Delhi,"Ministry of Environment, Forest and Climate Change","India showcases Forest and Landscape Restoration Initiatives at COFO 28, in Rome"
2316242,200,28 SEP 2026 9:00PM,PIB Delhi,"Ministry of Fisheries, Animal Husbandry & Dairying",Ho'nble Union Minister for Fisheries Animal Husbandry and Dairying & Panchayatiraj Shri Rajiv Ranjan Singh alias Lalan Singh launched Live Stock insurance portal
2316247,200,28 SEP 2026 9:09PM,PIB Delhi,Prime Minister's Office,Prime Minister congratulates Murali Sreeshankar on winning medal in Men’s Long Jump at Asian Games
2316250,200,28 SEP 2026 9:12PM,PIB Delhi,Prime Minister's Office,Prime Minister congratulates Yashvir Singh and Rohit Yadav on winning Silver and Bronze medals in Javelin Throw at Asian Games
2316253,200,28 SEP 2026 9:15PM,PIB Delhi,Prime Minister's Office,Prime Minister congratulates Parul Chaudhary on winning Bronze in Women’s 5000m at Asian Games
2316256,200,28 SEP 2026 9:17PM,PIB Delhi,Prime Minister's Office,Prime Minister congratulates Gulveer Singh on winning Silver in Men’s 1500m at Asian Games
2316259,200,28 SEP 2026 9:19PM,PIB Delhi,Prime Minister's Office,Prime Minister congratulates Vithya Ramraj on winning Bronze in Women’s 400m hurdles at Asian Games
2316334,200,29 SEP 2026 8:48AM,PIB Delhi,Prime Minister's Office,Prime Minister shares Sanskrit Subhashitam highlighting the six qualities that invite success
2316355,200,29 SEP 2026 11:16AM,PIB Delhi,"Ministry of Environment, Forest and Climate Change",Union Environment Minister hands over India’s first PRAMAAN certificates under the Indian Forest and Wood Certification Scheme to Andhra Pradesh Forest Development Corporation and a Bamboo Farmer from
2316357,200,29 SEP 2026 11:22AM,PIB Delhi,PIB Backgrounder,Literacy for All
2316364,200,29 SEP 2026 11:37AM,PIB Delhi,Ministry of Tourism,Ministry of Tourism Gears Up for Special Campaign 6.0 with Focus on Swachhata and Reducing Pendency
2316376,200,29 SEP 2026 12:11PM,PIB Delhi,Ministry of Textiles,NIFT Students Make a Mark at WorldSkills Shanghai 2026 with Two Silver Medals and a Medal for Excellence
2316383,200,29 SEP 2026 12:45PM,PIB Delhi,Ministry of Home Affairs,Two officials apprehended for seeking illegal gratification to facilitate FCRA registration
2316391,200,29 SEP 2026 12:51PM,PIB Delhi,Ministry of Skill Development and Entrepreneurship,Ministry of Skill Development and Entrepreneurship Prepares for Special Campaign 6 building on Strong Outcomes Achieved under Special Campaign 5.0
2316411,200,29 SEP 2026 1:03PM,PIB Delhi,Ministry of Tribal Affairs,"Ministry of Tribal Affairs and IGNCA Sign MoU for Preservation, Documentation and Promotion of Tribal Cultural Heritage"
2316423,200,29 SEP 2026 1:18PM,PIB Delhi,Ministry of Road Transport & Highways,Ministry of Road Transport and Highways to Undertake Special Campaign 6.0 with Focus on Cleanliness of National Highways and Toll Plazas
2316429,200,29 SEP 2026 1:33PM,PIB Delhi,"Ministry of Micro,Small & Medium Enterprises",Ministry of MSME and Ministry of Statistics and Programme Implementation Sign Memorandum of Understanding (MoU) for development and strengthening of the Statistical Business Register
2316456,200,29 SEP 2026 2:15PM,PIB Delhi,Ministry of Agriculture & Farmers Welfare,Shri Shivraj Singh Chouhan Calls for ‘Team Agriculture’ to Make India a Global Food Basket
2316459,200,29 SEP 2026 2:43PM,PIB Delhi,Ministry of Jal Shakti,DDWS organises Eleventh Edition of Sujal Gram Samvad
2316460,200,29 SEP 2026 2:47PM,PIB Delhi,Ministry of Communications,Principal Controller of Communication Accounts releases schedule for Telecom Pensioners Jeevan Praman Camps across Delhi NCR for the month of October
2316474,200,29 SEP 2026 3:22PM,PIB Delhi,Ministry of Commerce & Industry,Government to Launch Special Campaign 6 from 2–31 October with Focus on Swachhata and Reducing Pendency
2316489,200,29 SEP 2026 4:00PM,PIB Delhi,Ministry of Statistics & Programme Implementation,Release of Sub-Sectoral Trial Index of Services Production (ISP) for July 2026 (Base Year 2024–25)
2316492,200,29 SEP 2026 3:47PM,PIB Delhi,Ministry of Defence,"India stands as the First Responder, Preferred Security Partner in the Indian Ocean Region: Shri Rajnath Singh"
2316493,200,29 SEP 2026 3:49PM,PIB Delhi,Ministry of Railways,Indian Railways Approves Introduction of Two MEMU Services Connecting Meerut City with Khurja and Saharanpur in Uttar Pradesh
2316495,200,29 SEP 2026 3:51PM,PIB Delhi,Ministry of Housing & Urban Affairs,Union Minister Shri Manohar Lal Launches PRAGATI-50 initiative to Develop 50 Model Cities for Swachhata in New Delhi today
2316520,200,29 SEP 2026 4:29PM,PIB Delhi,Ministry of Social Justice & Empowerment,From Recovery to Self-Reliance
2316533,200,29 SEP 2026 4:55PM,PIB Delhi,Ministry of Social Justice & Empowerment,"Financial Support Today, Self-Reliance Tomorrow"
2316535,200,29 SEP 2026 4:57PM,PIB Delhi,Ministry of Civil Aviation,DGCA Introduces Training Framework for Gyroplane Pilots
2316545,200,29 SEP 2026 5:14PM,PIB Delhi,Ministry of Science & Technology,TDB signs agreement with Multi Nano Sense Technologies for ₹37.51 crore RDI support to build indigenous multi-gas sensing platform
2316548,200,29 SEP 2026 5:17PM,PIB Delhi,Ministry of Social Justice & Empowerment,Safaimitra Suraksha Evam Samman Shivir To Be Organised Tomorrow Under Swachhata Hi Seva 2026 Campaign
2316556,200,29 SEP 2026 5:25PM,PIB Delhi,Ministry of Coal,Ministry of Coal ready for Conducting Special Campaign 6 from 2nd to 31st October
2316561,200,29 SEP 2026 5:28PM,PIB Delhi,PIB Backgrounder,When Swachhata Becomes Shared Faith
2316563,200,29 SEP 2026 5:40PM,PIB Delhi,NITI Aayog,"NITI Aayog organises National Workshop on “Viksit Panchayat: Connecting People, Places, Resources and Opportunities”- an initiative under NITI Aayog’s State Support Mission (SSM)"
2316569,200,29 SEP 2026 5:40PM,PIB Delhi,Ministry of Culture,Uttar Pradesh’s Rich Heritage and Modern Milestones on Display at the Prime Minister Mementos e-Auction 2026
2316596,200,29 SEP 2026 6:13PM,PIB Delhi,Ministry of Housing & Urban Affairs,Ministry of Housing and Urban Affairs (MoHUA) Organized Voluntary Blood Donation Camp
2316597,200,29 SEP 2026 6:13PM,PIB Delhi,"Ministry of Environment, Forest and Climate Change","CAQM Approves Revised GRAP Schedule; Tightens Measures for Vehicles, Dust and Pollution Control"
2316602,200,29 SEP 2026 6:19PM,PIB Delhi,Ministry of Home Affairs,"Union Home Minister and Minister of Cooperation Shri Amit Shah inaugurates and lays foundation stone of various projects worth more than ₹1,941 crore to make travel easier for people of Delhi"
2316607,200,29 SEP 2026 6:23PM,PIB Delhi,Ministry of Tourism,India and Italy agree to strengthen bilateral cooperation in tourism
2316608,200,29 SEP 2026 6:23PM,PIB Delhi,Ministry of Textiles,Ministry of Textiles and Its Organisations Undertake Various Cleanliness and Awareness Activities under Swachhata Hi Seva 2026
2316610,200,29 SEP 2026 6:25PM,PIB Delhi,Ministry of Textiles,"Textiles Organisations Undertake Cleanliness, Awareness and Environmental Initiatives under Swachhata Hi Seva 2026"
2316616,200,29 SEP 2026 6:30PM,PIB Delhi,Prime Minister's Office,Prime Minister congratulates Neeru Dhanda on winning historic Gold in Women’s Trap at Asian Games
2316619,200,29 SEP 2026 6:31PM,PIB Delhi,Prime Minister's Office,Chief Minister of Delhi meets Prime Minister
2316623,200,29 SEP 2026 6:33PM,PIB Delhi,Prime Minister's Office,Governor of Tripura meets Prime Minister
2316643,200,29 SEP 2026 6:45PM,PIB Delhi,Prime Minister's Office,"Prime Minister congratulates Manisha Keer, Neeru and Aashima Ahlawat on winning Silver in Women’s Trap Team event at Asian Games"
2316647,200,29 SEP 2026 6:47PM,PIB Delhi,"Ministry of Ports, Shipping and Waterways","Ministry of Ports, Shipping & Waterways (MoPSW) Completes Preparatory Phase for Special Campaign 6"
2316657,200,29 SEP 2026 7:03PM,PIB Delhi,Ministry of Development of North-East Region,Union Minister Jyotiraditya M. Scindia Launches The Trailer of Documentary Series ‘The Enchanting 8: A Culinary Journey Through the Northeast’
2316661,200,29 SEP 2026 7:06PM,PIB Delhi,Ministry of Civil Aviation,Civil Aviation Minister Ram Mohan Naidu curtain-raises Routes Asia
2316681,200,29 SEP 2026 7:27PM,PIB Delhi,"Ministry of Environment, Forest and Climate Change","Union Environment Minister honours India’s Environmental Champions at 4th Eco Warrior Awards 2026, calls Conservation a National Responsibility"
2316688,200,29 SEP 2026 7:46PM,PIB Delhi,Ministry of Information & Broadcasting,Dr. L. Murugan Highlights Role of Creator Economy and AI in Building Viksit Bharat at YouTube Impact Summit 2026
2316698,200,29 SEP 2026 8:07PM,PIB Delhi,Ministry of Rural Development,"“By treating the landscape, twin objectives of watershed development as well as river rejuvenation can be achieved”- Secretary, DoLR, Shri Narendra Bhooshan"
2316701,200,29 SEP 2026 8:17PM,PIB Delhi,Ministry of Labour & Employment,"District Capacity Building and Awareness Programme on Labour Codes Held at Okhla Industrial Estate, New Delhi as part of Shram Samvad Initiative"
2316706,200,29 SEP 2026 8:24PM,PIB Delhi,Ministry of Electronics & IT,UIDAI unveils five new initiatives at Aadhaar Samvaad Kolkata to further advance trusted digital identity and good governance
2316707,200,29 SEP 2026 8:26PM,PIB Delhi,Prime Minister's Office,"Prime Minister congratulates Kiran Pahal, Poovamma MR, Prachi and Vithya Ramraj on winning Gold in Women’s 4×400m Relay at Asian Games"
2316732,200,29 SEP 2026 9:14PM,PIB Delhi,Ministry of Rural Development,NRIDA and IIM Kolkata Sign MoU for Four-Year Impact Assessment Study of PMGSY-IV and PM-JANMAN
2316749,200,29 SEP 2026 9:31PM,PIB Delhi,Ministry of Defence,India and Republic of Korea Hold 10th Joint Committee Meeting on Defence Industries and Logistics Cooperation
2316750,200,29 SEP 2026 9:34PM,PIB Delhi,Prime Minister's Office,Prime Minister congratulates Gulveer Singh on winning Bronze in Men’s 5000m at Asian Games
2316753,200,29 SEP 2026 9:37PM,PIB Delhi,Prime Minister's Office,Prime Minister congratulates Pooja on winning Bronze in Women’s High Jump at Asian Games 2026
2316754,200,29 SEP 2026 9:41PM,PIB Delhi,Prime Minister's Office,"Prime Minister congratulates Dharmveer Chaudhary, Manu TS, Jay Kumar and Vishal TK on winning Bronze in Men’s 4×400m Relay at Asian Games"
2316755,200,29 SEP 2026 9:42PM,PIB Delhi,Ministry of Culture,Union Minister of Culture and Tourism Shri Gajendra Singh Shekhawat Felicitates 20 Award-Winning Artists at National Exhibition of Arts
2316792,200,30 SEP 2026 9:57AM,PIB Delhi,Ministry of Power,NEW CORPORATE AVERAGE FUEL ECONOMY (CAFE) NORMS NOTIFIED
2316801,200,30 SEP 2026 10:21AM,PIB Delhi,Prime Minister's Office,Prime Minister shares Sanskrit Subhashitam highlighting the importance of dedication to one’s duties
2316840,200,30 SEP 2026 11:34AM,PIB Delhi,PIB Backgrounder,UNION PUBLIC SERVICE COMMISSION
2316848,200,30 SEP 2026 11:58AM,PIB Delhi,Ministry of Communications,TRAI Assesses Mobile Network Quality across Sonitpur district under Assam LSA in the state of Assam
2316851,200,30 SEP 2026 12:06PM,PIB Delhi,Ministry of Petroleum & Natural Gas,"Draft Petroleum (Amendment) Bill, 2026 Released for Stakeholder and Public Consultation"
2316858,200,30 SEP 2026 12:14PM,PIB Delhi,Ministry of Defence,SECOND EDITION OF NAVAL COMMANDERS’ CONFERENCE 2026 AT NEW DELHI
2316863,200,30 SEP 2026 12:21PM,PIB Delhi,Ministry of Heavy Industries,India’s indigenous technology push gains momentum as HD Kumaraswamy unveils MHI Industry Accelerator Impact Report at Navigyaan 2026
2316864,200,30 SEP 2026 12:26PM,PIB Delhi,PIB Backgrounder,Beyond Wastewater: Turning Used Water into a Resource
2316865,200,30 SEP 2026 12:27PM,PIB Delhi,"Ministry of Consumer Affairs, Food & Public Distribution",Department of Food and Public Distribution Strengthens Preparations for Special Campaign 6
2316866,200,30 SEP 2026 12:36PM,PIB Delhi,Prime Minister's Office,"Prime Minister expresses grief over loss of lives in mishap in Anand, Gujarat"
2316869,200,30 SEP 2026 12:38PM,PIB Delhi,AYUSH,"Ayush Emerges as One of India’s Fastest-Growing Service Sectors, RIS Study Estimates US$36.92 Billion Economy"
2316873,200,30 SEP 2026 12:53PM,PIB Delhi,Ministry of Defence,Defence Accounts Department to Celebrate 279th Annual Day
2316883,200,30 SEP 2026 1:18PM,PIB Delhi,PIB Backgrounder,Beyond Cleanliness: The Women and Transgender Changemakers of Swachhata
2316890,200,30 SEP 2026 1:27PM,PIB Delhi,Ministry of Defence,"ICG Interdicts Transnational Syndicate with Rs 3,000 Cr Narcotics Seizure"
2316904,200,30 SEP 2026 1:57PM,PIB Delhi,Prime Minister's Office,"Prime Minister congratulates Jyothi Surekha Vennam, Prithika Pradeep and Chikitha Taniparthi on winning Gold in Women’s Compound Team event at Asian Games 2026"
2316906,200,30 SEP 2026 1:58PM,PIB Delhi,Prime Minister's Office,Prime Minister congratulates Neeru and Kynan Chenai on winning Gold in Trap Mixed Team event at Asian Games 2026
2316911,200,30 SEP 2026 2:09PM,PIB Delhi,Prime Minister's Office,PM to participate in Centenary Celebrations of UPSC on October 1 at Bharat Mandapam
2316922,200,30 SEP 2026 2:16PM,PIB Delhi,Ministry of Coal,India Mining Week 2026 Brings Together Diplomatic Missions from 19 Countries for ‘India Mining: Global Connect’
2316926,200,30 SEP 2026 2:30PM,PIB Delhi,Ministry of Social Justice & Empowerment,From Financial Assistance to Self-Reliance
2316935,200,30 SEP 2026 2:54PM,PIB Delhi,Ministry of Social Justice & Empowerment,From Peer Pressure to Purpose
2316939,200,30 SEP 2026 3:05PM,PIB Delhi,Ministry of Agriculture & Farmers Welfare,"Shri Chouhan Approves ₹5,547.99 Crore Procurement of Pulses and Oilseeds Under PSS for Kharif 2026-27"
2316941,200,30 SEP 2026 3:06PM,PIB Delhi,Cabinet Committee on Economic Affairs (CCEA),Cabinet approves Minimum Support Prices (MSP) for Rabi Crops for Marketing Season 2027-28
2316948,200,30 SEP 2026 3:12PM,PIB Delhi,Cabinet,Cabinet approves Green Energy Corridor Phase-III scheme for Development of Intra-State Transmission System with Battery Energy Storage Systems
2316950,200,30 SEP 2026 3:13PM,PIB Delhi,Ministry of New and Renewable Energy,Cabinet approves Green Energy Corridor Phase-III scheme for Development of Intra-State Transmission System with Battery Energy Storage Systems
2316953,200,30 SEP 2026 3:15PM,PIB Delhi,Cabinet Committee on Economic Affairs (CCEA),"Cabinet approves One Network, Smarter Traffic: Delhi Moves to Real-Time Traffic Management"
2316955,200,30 SEP 2026 3:18PM,PIB Delhi,Ministry of Home Affairs,"Cabinet approves One Network, Smarter Traffic: Delhi Moves to Real-Time Traffic Management"
2316956,200,30 SEP 2026 3:19PM,PIB Delhi,Ministry of Agriculture & Farmers Welfare,Cabinet approves Minimum Support Prices (MSP) for Rabi Crops for Marketing Season 2027-28
2316964,200,30 SEP 2026 3:31PM,PIB Delhi,Ministry of Finance,Special Campaign 6.0: DIPAM Engages MSTC to Auction and Responsibly Recycle Departmental E-Waste
2316978,200,30 SEP 2026 3:46PM,PIB Delhi,Ministry of Social Justice & Empowerment,From Financial Assistance to Academic Excellence
2316981,200,30 SEP 2026 4:00PM,PIB Delhi,Ministry of Statistics & Programme Implementation,Release of the Annual Survey of Industries (2024-25) results
2316983,200,30 SEP 2026 3:54PM,PIB Delhi,Ministry of Home Affairs,"In a major success in the fight against drugs, 526 kilograms of methamphetamine and heroin seized from an Iranian boat in India's EEZ, and 5 Pakistani nationals arrested during a joint operation invol"
2316997,200,30 SEP 2026 4:09PM,PIB Delhi,Ministry of Home Affairs,"Indian security forces neutralize senior Laskhar-E-Taiba Commander, Musa aka Asif Fauji, in an intelligence-led operation in J&K"
2317006,200,29 SEP 2026 2:40PM,PIB Delhi,Ministry of Science & Technology,SWACHHATA HI SEVA (17th SEPTEMBER- 2nd OCTOBER 2026)
2317011,200,30 SEP 2026 4:19PM,PIB Delhi,Ministry of Electronics & IT,Digital India BHASHINI Division and CAG Launch “CAG-BHASHINI Anuvaad” to Enable AI-powered Multilingual Translation of Official Documents
2317012,200,30 SEP 2026 4:18PM,PIB Delhi,Ministry of Coal,Union Minister Shri G. Kishan Reddy Reviews Coal India Limited’s Preparations for Special Campaign 6
2317034,200,30 SEP 2026 4:41PM,PIB Delhi,Ministry of Finance,Monthly Review of Accounts of Union Government of India upto the month of August 2026 (FY 2026-27)
2317044,200,30 SEP 2026 4:47PM,PIB Delhi,Ministry of Parliamentary Affairs,Ministry of Parliamentary Affairs Successfully Concludes Hindi Pakhwada
2317061,200,30 SEP 2026 4:55PM,PIB Delhi,Ministry of Road Transport & Highways,NHAI to Conduct Special Quality Checks on Projects with Abnormally Low Quoted Bids
2317073,200,30 SEP 2026 4:58PM,PIB Delhi,Prime Minister's Office,"Prime Minister congratulates Kushal Dalal, Sahil Rajesh Jadhav and Ganesh Maniratnam Thirumuru on winning Gold in Men’s Compound Team event at Asian Games"
2317084,200,30 SEP 2026 5:06PM,PIB Delhi,Ministry of Electronics & IT,Ministry of Electronics and Information Technology (MeitY) Commences Preparatory Phase of Special Campaign 6
2317090,200,30 SEP 2026 5:11PM,PIB Delhi,Ministry of Commerce & Industry,"Commerce and Industry Minister Shri Piyush Goyal Arrives in Milwaukee, U.S. to Attend G20 Trade Ministers’ Meeting"
2317093,200,30 SEP 2026 5:13PM,PIB Delhi,"Ministry of Environment, Forest and Climate Change","CAQM Reviews Preparedness for Stubble-Burning Prevention, Vehicular and Industrial Emission Control"
2317100,200,30 SEP 2026 5:15PM,PIB Delhi,Ministry of Youth Affairs and Sports,"Department of Youth Affairs Gears Up for Special Campaign 6.0 with Focus on Effective Collection, Segregation and Disposal of E-Waste"
2317106,200,30 SEP 2026 5:17PM,PIB Delhi,Ministry of Science & Technology,"Scientists map earliest glow of hydrogen, opening a new window to the universe"
2317123,200,30 SEP 2026 5:22PM,PIB Delhi,Ministry of Science & Technology,"Induction Programme for Newly Recruited Scientists, September 21-30, 2026 | CSIR-HRDC Campus, Ghaziabad"
2317134,200,30 SEP 2026 5:29PM,PIB Delhi,Ministry of Defence,RAKSHA RAJYA MANTRI SANJAY SETH ATTENDS CLOSING CEREMONY OF MILITARY NURSING SERVICE CENTENARY CELEBRATIONS
2317142,200,30 SEP 2026 5:35PM,PIB Delhi,Ministry of Coal,ECL sets the stage for action-driven Special Campaign 6
2317151,200,30 SEP 2026 5:41PM,PIB Delhi,PIB Backgrounder,"Bankers Books Evidence Act, 2026"
2317152,200,30 SEP 2026 5:41PM,PIB Delhi,Ministry of Parliamentary Affairs,Ministry of Parliamentary Affairs Completes Preparatory Phase of Special Campaign 6
2317160,200,30 SEP 2026 5:42PM,PIB Delhi,Ministry of Culture,Auction of 109 Mementos Showcases West Bengal’s Diverse Cultural and Artistic Heritage
2317164,200,30 SEP 2026 5:46PM,PIB Delhi,Competition Commission of India,CCI approves acquisition of 100% shareholding of FMC India by Crystal Crop Protection Ltd
2317165,200,30 SEP 2026 5:48PM,PIB Delhi,Competition Commission of India,"CCI approves acquisition of majority of the shares and voting rights in Volkswagen subsidiary Everllence SE by funds managed and/or advised by Bain Capital Investors, LLC"
2317169,200,30 SEP 2026 5:49PM,PIB Delhi,Competition Commission of India,CCI approves the acquisition of certain equity share capital in IndiaFirst Life Insurance Co. Ltd. by BNP Paribas Cardif
2317170,200,30 SEP 2026 5:49PM,PIB Delhi,Competition Commission of India,CCI approves acquisition of certain equity shareholding in Continuum Green Energy Ltd by Chubu Electric Power Company Netherlands B.V.
2317191,200,30 SEP 2026 6:05PM,PIB Delhi,Ministry of Development of North-East Region,Special Campaign 6
2317206,200,30 SEP 2026 6:11PM,PIB Delhi,Ministry of Defence,"ASEAN-INDIA MARITIME EXERCISE (AIME-2026) COMMENCES IN SUBIC BAY, PHILIPPINES"
2317207,200,30 SEP 2026 6:15PM,PIB Delhi,Ministry of Mines,Ministry of Mines to Launch Auction of Offshore Mineral Blocks in Andaman Sea
2317218,200,30 SEP 2026 6:23PM,PIB Delhi,Vice President's Secretariat,Vice-President Shri C. P. Radhakrishnan Interacts with Indian Defence Estates Service Probationers at Uprashtrapati Bhavan
2317223,200,30 SEP 2026 6:27PM,PIB Delhi,Ministry of New and Renewable Energy,"Ministry of New & Renewable Energy completes Preparatory Phase of Special Campaign 6; Implementation Phase to Begin from 2nd October, 2026"
2317226,200,30 SEP 2026 6:30PM,PIB Delhi,Ministry of New and Renewable Energy,Ministry of New and Renewable Energy organizes Plantation Drive under “Ek Ped Maa Ke Naam” Initiative
2317229,200,30 SEP 2026 6:35PM,PIB Delhi,Ministry of Chemicals and Fertilizers : Department of Pharmaceuticals,New Discovery Track for Startups and MSMEs with Financial Assistance upto ₹50 cr under PRIP Scheme announced
2317233,200,30 SEP 2026 6:38PM,PIB Delhi,Ministry of Law and Justice,India Showcases Justice Reforms and Global Legal Partnerships at 15th UN Congress in Abu Dhabi
2317241,200,30 SEP 2026 6:46PM,PIB Delhi,Ministry of Science & Technology,India’s emerging quantum ecosystem strengthened by enabling policy of the Modi government: Dr Jitendra Singh
2317243,200,30 SEP 2026 6:50PM,PIB Delhi,Ministry of Science & Technology,Dr. Jitendra Singh Reviews Preparedness for Special Campaign 6.0
2317251,200,30 SEP 2026 6:58PM,PIB Delhi,Ministry of Mines,Union Minister for Coal and Mines Shri G. Kishan Reddy to Participate in Cleanliness Drive under Swachhata Hi Seva 2026
2317258,200,30 SEP 2026 7:13PM,PIB Delhi,Ministry of Law and Justice,"Legislative Department, Ministry of Law and Justice, organized a Workshop on “Best out of Waste” Turning Waste into Wonder “Kabad Se Jugad”"
2317260,200,30 SEP 2026 7:15PM,PIB Delhi,President's Secretariat,No Change of Guard Ceremony on October 3
2317266,200,30 SEP 2026 7:19PM,PIB Delhi,Office of Principal Scientific Advisor to GoI,Scientific Steering Committee on One Health Reviews Progress Towards Strengthening One Health Systems in India
2317267,200,30 SEP 2026 7:20PM,PIB Delhi,Prime Minister's Office,Prime Minister Shri Narendra Modi speaks with US President Donald Trump
2317286,200,30 SEP 2026 7:31PM,PIB Delhi,"Ministry of Environment, Forest and Climate Change",Union Environment Minister Shri Bhupender Yadav launches Guidelines for National Coastal Mission 2.0
2317296,200,30 SEP 2026 7:40PM,PIB Delhi,Ministry of Chemicals and Fertilizers : Department of Pharmaceuticals,"₹1,600 Crore Approved for 41 Pharma & MedTech Innovation Projects under PRIP First Round"
2317301,200,30 SEP 2026 7:47PM,PIB Delhi,Ministry of Social Justice & Empowerment,Social Justice & Empowerment Ministry Organizes National Level SafaiMitra Suraksha Evam Samman Shivir Under Swachhata Hi Seva 2026 Campaign
2317305,200,30 SEP 2026 7:55PM,PIB Delhi,Ministry of Minority Affairs,Ministry of Minority Affairs observes Swachhata Hi Seva 2026 in New Delhi
2317308,200,30 SEP 2026 7:59PM,PIB Delhi,"Ministry of Environment, Forest and Climate Change",Delhi Records Lowest September Average AQI in Five Years; Air Quality Improvement Trend Continues in 2026
2317318,200,30 SEP 2026 8:13PM,PIB Delhi,Ministry of Defence,OPERATION DRISHTI: Armed Forces Medical Services Conduct Two Landmark Mega Eye Surgical Camps in Kashmir
2317322,200,30 SEP 2026 8:21PM,PIB Delhi,Ministry of Law and Justice,Quiz Competition Organised by Department of Legal Affairs under Special Campaign 6 and Swachhata Hi Seva 2026
2317327,200,30 SEP 2026 8:29PM,PIB Delhi,"Ministry of Personnel, Public Grievances & Pensions","Central Information Commission observes Hindi Pakhwada 2026 from 14th September, 2026 to 28th September, 2026"
2317336,200,30 SEP 2026 8:53PM,PIB Delhi,"Ministry of Personnel, Public Grievances & Pensions","UPSC Centenary Celebrations ‘Manthan’ Focus on Future-Ready Civil Services, Innovation and Constitutional Values"
2317338,200,30 SEP 2026 8:58PM,PIB Delhi,Ministry of Textiles,Ministry of Textiles extends RoSCTL Scheme till 31 December 2026
2317346,200,30 SEP 2026 9:07PM,PIB Delhi,Ministry of Health and Family Welfare,Union Minister for Health and Family Welfare Shri J.P. Nadda Addresses World Congress of Gastroenterology 2026 in New Delhi
2317351,200,30 SEP 2026 9:13PM,PIB Delhi,"Ministry of Environment, Forest and Climate Change",NBA to Mark 23rd Foundation Day tomorrow with significant progress in Access and Benefit Sharing
2317352,200,30 SEP 2026 9:14PM,PIB Delhi,Election Commission,Election Commission of India extends the SIR dates in Andhra Pradesh and Meghalaya
2317383,200,30 SEP 2026 10:15PM,PIB Delhi,"Ministry of Micro,Small & Medium Enterprises",KVIC Chairman Shri Manoj Goyal interacted with the artisan women of Lijjat Papad and commended their women empowerment efforts.
2317393,200,30 SEP 2026 11:53PM,PIB Delhi,Prime Minister's Office,Prime Minister congratulates Sunil Kumar on winning Bronze in Men’s Greco-Roman 87kg at Asian Games
2317401,200,01 OCT 2026 7:56AM,PIB Delhi,Prime Minister's Office,Prime Minister lauds Captain Smit Machchhar for immense courage and valour in saving lives
2317403,200,01 OCT 2026 8:53AM,PIB Delhi,Prime Minister's Office,Prime Minister extends birthday greetings to former President Shri Ram Nath Kovind
2317404,200,01 OCT 2026 8:53AM,PIB Delhi,Prime Minister's Office,Prime Minister shares Sanskrit Subhashitam highlighting the importance of determination and perseverance
2317416,200,01 OCT 2026 10:08AM,PIB Delhi,Ministry of Health and Family Welfare,Union Ministry of Health and Family Welfare Organises Shramdaan under ‘Swachhata Hi Seva 2026’
2317440,200,01 OCT 2026 11:17AM,PIB Delhi,Ministry of Tribal Affairs,Union Tribal Affairs Minister Shri Jual Oram to Undertake Four-Day Visit to Uttar Pradesh and Uttarakhand
2317443,200,01 OCT 2026 11:21AM,PIB Delhi,"Ministry of Environment, Forest and Climate Change","Shri Narendra Bhooshan assumes charge as Secretary of Union Ministry of Environment, Forest and Climate Change"
2317450,200,01 OCT 2026 11:27AM,PIB Delhi,Ministry of Jal Shakti,DDWS Organizes Second Follow-up Meeting to accelerate drinking water coverage in tribal areas under PM-JANMAN and DA-JGUA
2317462,200,01 OCT 2026 11:55AM,PIB Delhi,Ministry of Mines,Union Minister Shri G. Kishan Reddy leads Swachhata Hi Seva 2026 Cleanliness Drive; calls for collective action towards a cleaner India
2317470,200,01 OCT 2026 12:03PM,PIB Delhi,AYUSH,Union Minister Shri Prataprao Jadhav Seeks Surya Kiran Air Show at Lonar to Promote Maharashtra’s Tourism Potential
2317480,200,01 OCT 2026 12:33PM,PIB Delhi,Ministry of Culture,"Ministry of Culture Gears Up for Special Campaign 6.0 launched by DARPG, with Focus on Cleanliness, E-Waste Disposal and Records Management"
2317494,200,01 OCT 2026 12:52PM,PIB Delhi,Ministry of Panchayati Raj,"Special Gram Sabhas across India to Mark 2nd October with Discussions on Transformative Governance Reforms ; Launch People’s Plan Campaign 2026-27 ‘Sabki Yojana, Sabka Vikas’"
2317497,200,01 OCT 2026 12:54PM,PIB Delhi,"Ministry of Consumer Affairs, Food & Public Distribution",Government Revises Sugar Stock Holding Norms to Prevent Hoarding and Ensure Smooth Supply to Consumers During Festive Season
2317507,200,01 OCT 2026 1:01PM,PIB Delhi,PIB Backgrounder,From AI to EVs: How Technology Is Transforming Urban Swachhata
2317509,200,01 OCT 2026 1:05PM,PIB Delhi,Ministry of Science & Technology,Clarification regarding closure of Call for Proposal under Research Development & Innovation (RDI) Scheme by Technology Development Board (TDB)
2317514,200,01 OCT 2026 1:23PM,PIB Delhi,Ministry of Textiles,"Ministry of Textiles undertakes Swachhata initiatives to promote Cleanliness, Sustainability and Waste-is-Wealth practices"
2317515,200,01 OCT 2026 1:29PM,PIB Delhi,Ministry of Social Justice & Empowerment,"Government Strengthens Implementation of PCR and SC/ST (Prevention of Atrocities) Acts through Special Courts, Victim Support, Awareness and Grievance Redressal Mechanisms"
2317528,200,01 OCT 2026 1:40PM,PIB Delhi,PIB Backgrounder,Finding New Purpose in What We Discard
2317531,200,01 OCT 2026 1:46PM,PIB Delhi,Prime Minister's Office,Prime Minister Shri Narendra Modi participates in Centenary Celebrations of UPSC
2317535,200,01 OCT 2026 1:51PM,PIB Delhi,Prime Minister's Office,Text of PM’s address at the Centenary Celebrations of UPSC
2317552,200,01 OCT 2026 2:09PM,PIB Delhi,Ministry of Defence,INS TRISHUL PARTICIPATES IN 24TH EDITION OF INDIA–FRANCE BILATERAL MARITIME EXERCISE VARUNA
2317553,200,01 OCT 2026 2:11PM,PIB Delhi,Ministry of Rural Development,"Special Campaign 6 (2nd October to 31st October, 2026) in the Department of Land Resources"
2317554,200,01 OCT 2026 2:12PM,PIB Delhi,Ministry of Rural Development,Department of Land Resources Honours Cleaning Staff under Swachhata Hi Seva Initiative
2317557,200,01 OCT 2026 2:15PM,PIB Delhi,Ministry of Health and Family Welfare,National Voluntary Blood Donation Day 2026 Observed with Renewed Call for Regular Voluntary Blood Donation
2317567,200,01 OCT 2026 2:31PM,PIB Delhi,Ministry of Finance,5th Kautilya Economic Conclave to be held in New Delhi from 3 to 5 October 2026 under the theme “Resilience in an Age of Flux”
2317578,200,01 OCT 2026 3:03PM,PIB Delhi,Lok Sabha Secretariat,"LOK SABHA SPEAKER PAYS TRIBUTES TO FORMER SPEAKER, LOK SABHA, SHRI G.M.C. BALAYOGI"
2317580,200,01 OCT 2026 3:03PM,PIB Delhi,Ministry of Education,"Students play a pivotal role in building a clean, green and healthy Viksit Bharat 2047: Shri Pralhad Joshi"
2317586,200,01 OCT 2026 3:07PM,PIB Delhi,Ministry of Defence,Raksha Mantri Launches Key Digital and Financial Management Initiatives at Defence Accounts Department’s 279th Annual Day Celebration in New Delhi
2317589,200,01 OCT 2026 3:09PM,PIB Delhi,Ministry of Agriculture & Farmers Welfare,Department of Agricultural Research and Education - Indian Council of Agricultural Research’s Swachhata Hi Seva 2026: From Participation to a Viksit Bharat
2317606,200,01 OCT 2026 4:00PM,PIB Delhi,Ministry of Statistics & Programme Implementation,Forward-Looking Survey on Private Corporate Sector CAPEX Investment Intentions
2317611,200,01 OCT 2026 3:46PM,PIB Delhi,Ministry of Youth Affairs and Sports,"Dr. Mansukh Mandaviya Launches Physical Education Professionals’ Module, Highlights Critical Role in Scientific Talent Identification at Grassroots"
2317612,200,01 OCT 2026 3:48PM,PIB Delhi,Ministry of Parliamentary Affairs,Minister of Parliamentary Affairs leads “Ek Din – Ek Ghanta – Ek Saath Shramdaan” under Swachhata Hi Seva Campaign 2026
2317614,200,01 OCT 2026 3:47PM,PIB Delhi,Ministry of Labour & Employment,Ministry of Labour & Employment expands “Shram Samvad” outreach across industrial clusters
2317615,200,01 OCT 2026 3:51PM,PIB Delhi,Ministry of Communications,"Department of Posts Takes Special Campaign 6 to the Last Mile with Focus on Swachhata, Efficiency and Customer-Centric Services"
