"st","rptdate","c1","c2","c3","c4","c5","c6","c7","c8","c9","c10","c11","c12","c13","c14","c15","c16","c17","c18","c19","c20","c21","c22","c23"
"AK","1986-02-15",6,1986-02-08,2048,8,9,0,0,21230,400,133,0,0,3287,3331,0,0,16996,205263,8.28,7.53,109.96,"B",1985-12-29
"AK","1986-02-22",7,1986-02-15,1635,17,8,0,0,19106,359,136,0,0,2758,2688,0,0,17355,205263,8.45,7.76,108.89,"B",1985-12-29
"AK","1986-03-01",8,1986-02-22,1818,15,17,0,0,21424,380,148,0,0,3362,3324,0,0,17922,205263,8.73,7.97,109.53,"B",1985-12-29
"AK","1986-03-08",9,1986-03-01,2257,20,17,0,0,21380,395,149,0,0,3273,3202,0,0,18384,205263,8.95,8.17,109.54,"B",1985-12-29
"AK","1986-03-15",10,1986-03-08,2005,18,17,0,0,21812,387,145,0,0,3380,3319,0,0,18886,205263,9.2,8.32,110.57,"B",1985-12-29
"AK","1986-03-22",11,1986-03-15,1737,11,13,0,0,20379,397,161,0,0,3105,3035,0,0,19200,205263,9.35,8.47,110.38,"B",1985-12-29
"AK","1986-03-29",12,1986-03-22,1585,13,3,0,0,20920,382,133,0,0,3126,3060,0,0,19731,205263,9.61,8.61,111.61,"B",1985-12-29
"AK","1986-04-05",13,1986-03-29,2285,19,6,0,0,19192,351,110,0,0,3100,3024,0,0,19939,205263,9.71,8.71,111.48,"B",1985-12-29
"AK","1986-04-12",14,1986-04-05,2230,21,22,0,0,20653,399,122,0,0,3125,3068,0,0,20238,206807,9.78,8.59,113.85,"B",1985-12-29
"AK","1986-04-19",15,1986-04-12,1952,21,17,0,0,20932,329,117,0,0,3043,2979,0,0,20356,206807,9.84,8.56,114.95,"B",1985-12-29
"AK","1986-04-26",16,1986-04-19,1971,24,7,0,0,19770,380,117,0,0,2902,2849,0,0,20477,206807,9.89,8.51,116.33,"B",1985-12-29
"AK","1986-05-03",17,1986-04-26,1746,24,15,0,0,20760,336,139,0,0,3032,2970,0,0,20547,206807,9.93,8.44,117.65,"B",1985-12-29
"AK","1986-05-10",18,1986-05-03,1846,14,10,0,0,18651,368,100,0,0,3032,2985,0,0,20478,206807,9.9,8.3,119.27,"B",1985-12-29
"AK","1986-05-17",19,1986-05-10,1822,23,14,0,0,19259,328,115,0,0,3036,2969,0,0,20326,206807,9.82,8.18,120.04,"B",1985-12-29
"AK","1986-05-24",20,1986-05-17,1735,25,11,0,0,17236,340,99,0,0,3197,3152,0,0,20182,206807,9.75,8.03,121.41,"B",1985-12-29
"AK","1986-05-31",21,1986-05-24,1159,11,0,0,0,16296,264,86,0,0,2598,2564,0,0,19788,206807,9.56,7.78,122.87,"B",1985-12-29
"AK","1986-06-07",22,1986-05-31,2095,17,12,0,0,16433,309,99,0,0,3376,3323,0,0,19407,206807,9.37,7.56,124.07,"B",1985-12-29
"AK","1986-06-14",23,1986-06-07,1857,21,11,0,0,16124,275,94,0,0,2799,2756,0,0,18970,206807,9.17,7.35,124.76,"B",1985-12-29
"AK","1986-06-21",24,1986-06-14,1630,9,11,0,0,14643,273,94,0,0,3076,3029,0,0,18528,206807,8.95,7.14,125.35,"B",1985-12-29
"AK","1986-06-28",25,1986-06-21,2088,19,7,0,0,16542,262,111,0,0,2774,2735,0,0,18192,206807,8.79,6.97,126.11,"B",1985-12-29
"AK","1986-07-05",26,1986-06-28,1639,16,7,0,0,13834,273,88,0,0,2635,2595,0,0,17779,206807,8.59,6.74,127.44,"B",1985-12-29
"AK","1986-07-12",27,1986-07-05,2191,18,12,0,0,15802,282,110,0,0,2740,2698,0,0,17406,207363,8.38,6.47,129.67,"B",1985-12-29
"AK","1986-07-19",28,1986-07-12,2191,18,12,0,0,15802,282,110,0,0,2740,2698,0,0,17406,206363,8.43,6.47,103.2,"B",1985-12-29
"AK","1986-07-26",29,1986-07-19,1464,8,6,0,0,15142,293,106,0,0,2447,2415,0,0,16636,207363,8.02,6.11,131.26,"B",1985-12-29
"AK","1986-08-02",30,1986-07-26,1524,12,11,0,0,15239,276,124,0,0,2367,2321,0,0,16212,207363,7.81,5.93,131.7,"B",1985-12-29
"AK","1986-08-09",31,1986-08-02,1443,8,8,0,0,14724,283,98,0,0,2417,2394,0,0,15910,207363,7.67,5.81,132.01,"B",1985-12-29
"AK","1986-08-16",32,1986-08-09,1375,17,10,0,0,14756,263,99,0,0,2239,2206,0,0,15563,207363,7.5,5.68,132.04,"B",1985-12-29
"AK","1986-08-23",33,1986-08-16,1488,14,9,0,0,13410,279,96,0,0,2258,2236,0,0,15269,207363,7.36,5.57,132.12,"B",1985-12-29
"AK","1986-08-30",34,1986-08-23,1681,2,10,0,0,14190,252,97,0,0,2165,2122,0,0,15107,207363,7.28,5.5,132.36,"B",1985-12-29
"AK","1986-09-06",35,1986-08-30,1291,7,9,0,0,12142,243,94,0,0,2212,2186,0,0,14777,207363,7.12,5.37,132.58,"B",1985-12-29
"AK","1986-09-13",36,1986-09-06,1771,12,12,0,0,13072,236,167,0,0,2279,2238,0,0,14542,207363,7.01,5.25,133.52,"B",1985-12-29
"AK","1986-09-20",37,1986-09-13,1745,18,14,0,0,11897,232,92,0,0,2435,2398,0,0,14331,207363,6.91,5.14,134.43,"B",1985-12-29
"AK","1986-09-27",38,1986-09-20,1667,11,13,0,0,12299,214,99,0,0,2273,2240,0,0,14005,207363,6.75,5,135,"B",1985-12-29
"AK","1986-10-04",39,1986-09-27,1989,27,8,0,0,12345,218,104,0,0,2641,2596,0,0,13890,207363,6.69,4.95,35.15,"B",1985-12-29
"AK","1986-10-11",40,1986-10-04,1976,33,18,0,0,12371,214,90,0,0,2314,2275,0,0,13626,207186,6.57,4.81,136.59,"B",1985-12-29
"AK","1986-10-18",41,1986-10-11,1702,36,9,0,0,12493,254,110,0,0,2436,2407,0,0,13391,207186,6.46,4.74,136.28,"B",1985-12-29
"AK","1986-10-25",42,1986-10-18,2084,19,5,0,0,14319,293,93,0,0,2791,2753,0,0,13327,207186,6.43,4.76,135.08,"B",1985-12-29
"AK","1986-11-01",43,1986-10-25,2000,31,12,0,0,14386,296,114,0,0,2686,2644,0,0,13262,207186,6.4,4.8,133.33,"B",1985-12-29
"AK","1986-11-08",44,1986-11-01,2187,24,7,0,0,14278,292,84,0,0,2603,2576,0,0,13228,207186,6.38,4.82,132.36,"B",1985-12-29
"AK","1986-11-15",45,1986-11-08,1837,21,6,0,0,14268,319,119,0,0,2656,2613,0,0,13190,207186,6.36,4.83,131.67,"B",1985-12-29
"AK","1986-11-22",46,1986-11-15,1999,25,8,0,0,15855,300,90,0,0,2733,2708,0,0,13378,207186,6.45,4.94,130.56,"B",1985-12-29
"AK","1986-11-29",47,1986-11-22,1639,19,5,0,0,14827,320,109,0,0,2646,2589,0,0,13427,207186,6.48,5.12,126.56,"B",1985-12-29
"AK","1986-12-06",48,1986-11-29,2011,20,8,0,0,16523,316,73,0,0,2973,2932,0,0,13764,207186,6.64,5.32,124.81,"B",1985-12-29
"AK","1986-12-13",49,1986-12-06,1773,13,8,0,0,15768,332,104,0,0,2848,2791,0,0,13971,207186,6.74,5.55,121.44,"B",1985-12-29
"AK","1986-12-20",50,1986-12-13,1811,16,8,0,0,16343,323,84,0,0,2970,2929,0,0,14313,207186,6.9,5.8,118.96,"B",1985-12-29
"AK","1986-12-27",51,1986-12-20,1550,17,7,0,0,15306,295,89,0,0,2742,2700,0,0,14545,207186,7.02,6,117,"B",1985-12-29
"AK","1987-01-03",52,1986-12-27,1748,15,2,0,0,16582,317,109,0,0,2908,2857,0,0,14871,207186,7.17,6.24,114.9,"B",1985-12-29
"AK","1987-01-10",1,1987-01-03,2749,29,7,0,0,17775,230,106,0,0,3006,2948,0,0,15286,205064,7.45,6.49,114.79,"B",1985-12-29
"AK","1987-01-17",2,1987-01-10,2189,27,5,0,0,18795,360,112,0,0,2943,2908,0,0,15771,205064,7.69,6.84,112.42,"B",1985-12-29
"AK","1987-01-24",3,1987-01-17,1659,18,5,0,0,17751,357,90,0,0,2749,2710,0,0,16035,205064,7.81,7.09,110.15,"B",1985-12-29
"AK","1987-01-31",4,1987-01-24,2052,17,5,0,0,19410,380,98,0,0,2956,2912,0,0,16422,205064,8,7.36,108.69,"B",1985-12-29
"AK","1987-02-07",5,1987-01-31,2244,25,8,0,0,18466,356,86,0,0,2778,2734,0,0,16744,205064,8.16,7.64,106.8,"B",1985-12-29
"AK","1987-02-14",6,1987-02-07,1767,9,5,0,0,19514,420,93,0,0,2930,2894,0,0,17147,205064,8.36,7.96,105.02,"B",1985-12-29
"AK","1987-02-21",7,1987-02-14,1684,9,13,0,0,18281,384,71,0,0,2885,2835,0,0,17334,205064,8.45,8.17,103.42,"B",1985-12-29
"AK","1987-02-28",8,1987-02-21,1827,23,7,0,0,19490,390,99,0,0,3082,3041,0,0,17693,205064,8.62,8.41,102.49,"B",1985-12-29
"AK","1987-03-07",9,1987-02-28,1650,19,10,0,0,18657,371,82,0,0,3049,2998,0,0,17857,205064,8.7,8.65,100.57,"B",1985-12-29
"AK","1987-03-14",10,1987-03-07,1605,17,10,0,0,18832,394,81,0,0,3122,3074,0,0,18092,205064,8.82,8.86,99.54,"B",1985-12-29
"AK","1987-03-21",11,1987-03-14,1579,23,11,0,0,18308,336,78,0,0,3166,3100,0,0,18244,205064,8.89,9.02,98.55,"B",1985-12-29
"AK","1987-03-28",12,1987-03-21,1312,18,8,0,0,17877,351,95,0,0,3334,3271,0,0,18441,205064,8.99,9.25,97.18,"B",1985-12-29
"AK","1987-04-04",13,1987-03-28,1857,25,5,0,0,17093,359,90,0,0,3324,3247,0,0,18481,205064,9.01,9.37,96.15,"B",1985-12-29
"AK","1987-04-11",14,1987-04-04,1848,23,8,0,0,16908,324,94,0,0,3391,3330,0,0,18404,201460,9.14,9.36,97.64,"B",1985-12-29
"AK","1987-04-18",15,1987-04-11,1826,21,4,0,0,17154,351,92,0,0,3263,3208,0,0,18288,201460,9.07,9.39,96.59,"B",1985-12-29
"AK","1987-04-25",16,1987-04-18,1433,25,10,0,0,16642,317,86,0,0,3341,3278,0,0,18202,201460,9.03,9.41,95.96,"B",1985-12-29
"AK","1987-05-02",17,1987-04-25,1432,16,6,0,0,16462,342,84,0,0,3181,3127,0,0,17976,201460,8.92,9.42,94.69,"B",1985-12-29
"AK","1987-05-09",18,1987-05-02,1301,13,4,0,0,15259,310,99,0,0,3312,3254,0,0,17729,201460,8.8,9.34,94.21,"B",1985-12-29
"AK","1987-05-16",19,1987-05-09,1666,24,15,0,0,15047,310,83,0,0,2984,2927,0,0,17385,201460,8.62,9.28,92.88,"B",1985-12-29
"AK","1987-05-23",20,1987-05-16,1416,17,11,0,0,14026,275,101,0,0,3214,3164,0,0,17058,201460,8.46,9.17,92.25,"B",1985-12-29
"AK","1987-05-30",21,1987-05-23,1280,8,5,0,0,13296,258,84,0,0,2697,2654,0,0,16582,201460,8.23,8.96,91.85,"B",1985-12-29
"AK","1987-06-06",22,1987-05-30,1943,18,14,0,0,12772,265,82,0,0,3184,3128,0,0,16129,201460,8,8.77,91.22,"B",1985-12-29
"AK","1987-06-13",23,1987-06-06,1737,17,14,0,0,12570,245,89,0,0,2639,2601,0,0,15647,201460,7.76,8.56,90.65,"B",1985-12-29
"AK","1987-06-20",24,1987-06-13,1455,10,13,0,0,12592,233,81,0,0,2782,2730,0,0,15208,201460,7.54,8.33,90.51,"B",1985-12-29
"AK","1987-06-27",25,1987-06-20,1283,9,4,0,0,11999,277,103,0,0,2522,2473,0,0,14755,201460,7.32,8.17,89.59,"B",1985-12-29
"AK","1987-07-04",26,1987-06-27,1272,16,4,0,0,11210,190,91,0,0,2493,2448,0,0,14303,201460,7.09,7.94,89.29,"B",1985-12-29
"AK","1987-07-11",27,1987-07-04,1591,20,13,0,0,11363,252,79,0,0,2440,2410,0,0,13876,197703,7.01,7.73,90.68,"B",1985-12-29
"AK","1987-07-18",28,1987-07-11,1282,14,7,0,0,11381,197,84,0,0,2280,2236,0,0,13432,197703,6.79,7.54,90.05,"B",1985-12-29
"AK","1987-07-25",29,1987-07-18,1046,7,4,0,0,10294,233,94,0,0,2122,2086,0,0,12944,197703,6.54,7.37,88.73,"B",1985-12-29
"AK","1987-08-01",30,1987-07-25,1132,8,3,0,0,10538,205,83,0,0,1954,1914,0,0,12488,197703,6.31,7.16,88.12,"B",1985-12-29
"AK","1987-08-08",31,1987-08-01,1137,19,5,0,0,9785,232,89,0,0,1917,1885,0,0,12067,197703,6.1,7.03,86.77,"B",1985-12-29
"AK","1987-08-15",32,1987-08-08,1087,11,5,0,0,10058,229,66,0,0,1762,1734,0,0,11683,197703,5.9,6.87,85.88,"E",1987-08-29
"AK","1987-08-22",33,1987-08-15,1022,12,11,0,0,9399,249,73,0,0,1943,1908,0,0,11327,197703,5.72,6.75,84.74,"E",1987-08-29
"AK","1987-08-29",34,1987-08-22,1099,21,4,0,0,9165,221,79,0,0,1768,1741,0,0,11010,197703,5.56,6.66,83.48,"E",1987-08-29
"AK","1987-09-05",35,1987-08-29,1149,14,7,0,0,8668,249,94,0,0,2022,1979,0,0,10694,197703,5.4,6.51,82.94,"E",1987-08-29
"AK","1987-09-12",36,1987-09-05,1028,15,4,0,0,8175,226,58,0,0,995,975,0,0,10356,197703,5.23,6.38,81.97,"E",1987-08-29
"AK","1987-09-19",37,1987-09-12,1345,10,9,0,0,8436,238,62,0,0,1003,977,0,0,10036,197703,5.07,6.27,80.86,"E",1987-08-29
"AK","1987-09-26",38,1987-09-19,1362,16,3,0,0,8326,208,46,0,0,428,413,0,0,9754,197703,4.93,6.11,80.68,"E",1987-08-29
"AK","1987-10-03",39,1987-09-26,1599,30,9,0,0,8366,256,74,0,0,224,212,0,0,9535,197703,4.82,6.06,79.53,"E",1987-08-29
"AK","1987-10-10",40,1987-10-03,1759,38,7,0,0,8559,217,58,0,0,142,135,0,0,9319,194135,4.8,5.91,81.21,"E",1987-08-29
"AK","1987-10-17",41,1987-10-10,1706,30,5,0,0,9201,274,62,0,0,109,105,0,0,9152,194135,4.71,5.8,81.2,"E",1987-08-29
"AK","1987-10-24",42,1987-10-17,1490,20,3,0,0,9648,213,41,0,0,0,0,0,0,9102,194135,4.68,5.77,81.1,"E",1987-08-29
"AK","1987-10-31",43,1987-10-24,1731,35,20,0,0,10655,320,64,0,0,87,83,0,0,9111,194135,4.69,5.76,81.42,"E",1987-08-29
"AK","1987-11-14",45,1987-11-07,1407,18,4,0,0,10902,289,73,0,0,54,50,0,0,9219,194135,4.74,5.78,82,"E",1987-08-29
"AK","1987-11-21",46,1987-11-14,1802,19,4,0,0,11488,307,50,0,0,62,62,0,0,9379,194135,4.83,5.88,82.14,"E",1987-08-29
"AK","1987-11-28",47,1987-11-21,1272,20,6,0,0,11482,308,74,0,0,68,63,0,0,9558,194135,4.92,5.96,82.55,"E",1987-08-29
"AK","1987-12-05",48,1987-11-28,1597,19,6,0,0,11735,306,52,0,0,38,38,0,0,9794,194135,5.04,6.15,81.95,"E",1987-08-29
"AK","1987-12-12",49,1987-12-05,1550,17,3,0,0,12334,313,83,0,0,53,49,0,0,10113,194135,5.2,6.3,82.53,"E",1987-08-29
"AK","1987-12-19",50,1987-12-12,1489,21,4,0,0,12011,282,51,0,0,31,31,0,0,10388,194135,5.35,6.51,82.18,"E",1987-08-29
"AK","1987-12-26",51,1987-12-19,1406,21,7,0,0,11363,280,62,0,0,21,21,0,0,10622,194135,5.47,6.67,82,"E",1987-08-29
"AK","1988-01-02",52,1987-12-26,1317,12,2,0,0,11791,275,63,0,0,21,21,0,0,10886,194135,5.6,6.88,81.39,"E",1987-08-29
"AK","1988-01-09",1,1988-01-02,2676,47,4,0,0,13783,331,73,0,0,52,52,0,0,11287,191441,5.89,7.13,82.6,"E",1987-08-29
"AK","1988-01-16",2,1988-01-09,2286,45,8,0,0,13653,319,55,0,0,24,24,0,0,11630,191441,6.07,7.42,81.8,"E",1987-08-29
"AK","1988-01-23",3,1988-01-16,1732,21,7,0,0,14623,347,64,0,0,46,46,0,0,12013,191441,6.27,7.61,82.39,"B",1988-01-24
"AK","1988-01-30",4,1988-01-23,1599,34,4,0,0,14628,401,48,0,0,116,114,0,0,12318,191441,6.43,7.85,81.91,"B",1988-01-24
"AK","1988-02-06",5,1988-01-30,1781,22,5,0,0,14970,413,49,0,0,261,256,0,0,12674,191441,6.62,8.07,82.03,"B",1988-01-24
"AK","1988-02-13",6,1988-02-06,1825,35,10,0,0,14717,399,67,0,0,3342,3254,0,0,12968,191441,6.77,8.32,81.37,"B",1988-01-24
"AK","1988-02-20",7,1988-02-13,1499,18,4,0,0,14808,428,54,0,0,1242,1216,0,0,13223,191441,6.9,8.45,81.65,"B",1988-01-24
"AK","1988-02-27",8,1988-02-20,1653,30,5,0,0,15442,426,64,0,0,3725,3627,0,0,13528,191441,7.06,8.67,81.43,"B",1988-01-24
"AK","1988-03-05",9,1988-02-27,1491,21,4,0,0,15616,447,71,0,0,1877,1844,0,0,13826,191441,7.22,8.82,81.85,"B",1988-01-24
"AK","1988-03-12",10,1988-03-05,1310,19,4,0,0,14594,393,71,0,0,3947,3851,0,0,14000,191441,7.31,9.01,81.13,"B",1988-01-24
"AK","1988-03-19",11,1988-03-12,1172,19,9,0,0,14362,414,60,0,0,1906,1867,0,0,14181,191441,7.4,9.12,81.14,"B",1988-01-24
"AK","1988-03-26",12,1988-03-19,1184,16,16,0,0,14303,400,63,0,0,3967,3849,0,0,14407,191441,7.52,9.3,80.86,"B",1988-01-24
"AK","1988-04-02",13,1988-03-26,1294,28,11,0,0,13231,372,84,0,0,2300,2246,0,0,14518,191441,7.58,9.36,80.98,"B",1988-01-24
"AK","1988-04-09",14,1988-04-02,1822,39,15,0,0,12931,418,86,0,0,3465,3372,0,0,14452,188405,7.67,9.46,81.07,"B",1988-01-24
"AK","1988-04-16",15,1988-04-09,1690,41,8,0,0,13167,379,85,0,0,2249,2190,0,0,14415,188405,7.65,9.45,80.95,"B",1988-01-24
"AK","1988-04-23",16,1988-04-16,1450,41,13,0,0,12547,385,92,0,0,2693,2617,0,0,14255,188405,7.56,9.46,79.91,"B",1988-01-24
"AK","1988-04-30",17,1988-04-23,1286,32,14,0,0,12943,426,100,0,0,2116,2049,0,0,14125,188405,7.49,9.42,79.51,"B",1988-01-24
"AK","1988-05-07",18,1988-04-30,1347,32,16,0,0,11705,376,89,0,0,2261,2192,0,0,13874,188405,7.36,9.35,78.71,"B",1988-01-24
"AK","1988-05-14",19,1988-05-07,1298,26,11,0,0,11500,428,108,0,0,2040,1983,0,0,13627,188405,7.23,9.22,78.41,"B",1988-01-24
"AK","1988-05-21",20,1988-05-14,1218,23,9,0,0,11184,372,87,0,0,2091,2040,0,0,13348,188405,7.08,9.1,77.8,"B",1988-01-24
"AK","1988-05-28",21,1988-05-21,1170,17,13,0,0,10506,381,90,0,0,1897,1897,0,0,12968,188405,6.88,8.89,77.39,"B",1988-01-24
"AK","1988-06-04",22,1988-05-28,1226,21,8,0,0,9386,299,99,0,0,1718,1687,0,0,12489,188405,6.62,8.69,76.17,"B",1988-01-24
"AK","1988-06-11",23,1988-06-04,1437,27,11,0,0,9453,357,91,0,0,1937,1859,0,0,12094,188405,6.41,8.46,75.76,"B",1988-01-24
"AK","1988-06-18",24,1988-06-11,1163,17,5,0,0,9178,280,100,0,0,1727,1685,0,0,11695,188405,6.2,8.24,75.24,"B",1988-01-24
"AK","1988-06-25",25,1988-06-18,985,16,4,0,0,9206,385,101,0,0,1750,1680,0,0,11303,188405,5.99,8.05,74.4,"E",1988-07-09
"AK","1988-07-02",26,1988-06-25,1181,25,9,0,0,8486,294,90,0,0,1646,1599,0,0,10938,188405,5.8,7.84,73.97,"B",1988-01-24
"AK","1988-07-09",27,1988-07-02,970,18,6,0,0,7658,345,99,0,0,1447,1403,0,0,10532,186991,5.63,7.7,73.11,"E",1988-07-09
"AK","1988-07-16",28,1988-07-09,1116,17,8,0,0,8696,300,95,0,0,1745,1700,0,0,10188,186991,5.44,7.49,72.63,"E",1988-07-09
"AK","1988-07-23",29,1988-07-16,909,15,4,0,0,7850,349,96,0,0,938,911,0,0,9827,186991,5.26,7.28,72.11,"E",1988-07-09
"AK","1988-07-30",30,1988-07-23,1093,19,6,0,0,7835,287,72,0,0,570,558,0,0,9434,186991,5.04,7.06,71.38,"E",1988-07-09
"AK","1988-08-06",31,1988-07-30,1103,22,4,0,0,7645,335,89,0,0,246,244,0,0,9122,186991,4.87,6.88,70.78,"E",1988-07-09
"AK","1988-08-13",32,1988-08-06,1001,26,6,0,0,7596,284,65,0,0,98,94,0,0,8821,186991,4.71,6.7,70.29,"E",1988-07-09
"AK","1988-08-20",33,1988-08-13,895,21,6,0,0,7364,303,71,0,0,55,53,0,0,8528,186991,4.56,6.54,69.72,"E",1988-07-09
"AK","1988-08-27",34,1988-08-20,888,26,3,0,0,7089,275,55,0,0,18,16,0,0,8265,186991,4.41,6.42,68.69,"E",1988-07-09
"AK","1988-09-03",35,1988-08-27,1076,30,8,0,0,6862,305,61,0,0,25,22,0,0,8071,186991,4.31,6.26,68.84,"E",1988-07-09
"AK","1988-09-10",36,1988-09-03,787,16,6,0,0,6423,285,45,0,0,14,12,0,0,7838,186991,4.19,6.12,68.46,"E",1988-07-09
"AK","1988-09-17",37,1988-09-10,1023,32,16,0,0,6961,340,46,0,0,20,20,0,0,7667,186991,4.1,5.99,68.44,"E",1988-07-09
"AK","1988-09-24",38,1988-09-17,1015,14,8,0,0,6237,283,39,0,0,4,4,0,0,7439,1743626,0.43,5.84,67.97,"E",1988-07-09
"AK","1988-10-01",39,1988-09-24,817,23,3,0,0,6015,281,53,0,0,8,8,0,0,7249,186991,3.87,5.75,67.3,"E",1988-07-09
"AK","1988-10-08",40,1988-10-01,1710,54,5,0,0,7113,302,43,0,0,0,0,0,0,7207,186847,3.85,5.68,67.78,"E",1988-07-09
"AK","1988-10-15",41,1988-10-08,1607,28,9,0,0,6792,324,48,0,0,8,8,0,0,7060,186847,3.77,5.58,67.56,"E",1988-07-09
"AK","1988-10-22",42,1988-10-15,1500,27,10,0,0,7650,318,52,0,0,8,8,0,0,7045,186847,3.77,5.55,67.92,"E",1988-07-09
"AK","1988-10-29",43,1988-10-22,1860,40,5,0,0,8143,342,56,0,0,14,14,0,0,7068,186847,3.78,5.54,68.23,"E",1988-07-09
"AK","1988-11-05",44,1988-10-29,1592,40,9,0,0,8904,342,45,0,0,27,27,0,0,7165,186847,3.83,5.54,69.13,"E",1988-07-09
"AK","1988-11-12",45,1988-11-05,1282,25,6,0,0,8712,334,47,0,0,9,9,0,0,7251,186847,3.88,5.55,69.9,"E",1988-07-09
"AK","1988-11-19",46,1988-11-12,1579,28,7,0,0,10033,360,65,0,0,0,0,23,23,7456,186847,3.99,5.64,70.74,"E",1988-07-09
"AK","1988-11-26",47,1988-11-19,1192,34,6,0,0,9207,353,35,0,0,6,6,0,0,7619,186847,4.07,5.7,71.4,"E",1988-07-09
"AK","1988-12-03",48,1988-11-26,1559,30,10,0,0,10689,353,58,0,0,7,7,0,0,7914,186847,4.23,5.84,72.43,"E",1988-07-09
"AK","1988-12-10",49,1988-12-03,1389,30,14,0,0,10309,371,55,0,0,10,10,0,0,8213,186847,4.39,5.97,73.53,"E",1988-07-09
"AK","1988-12-17",50,1988-12-10,1377,23,10,0,0,10893,385,76,0,0,5,5,0,0,8515,186847,4.55,6.12,74.34,"E",1988-07-09
"AK","1988-12-24",51,1988-12-17,1502,26,10,0,0,10386,337,61,0,0,0,0,0,0,8834,186847,4.72,6.24,75.64,"E",1988-07-09
"AK","1988-12-31",52,1988-12-24,1025,15,8,0,0,10572,340,70,0,0,5,5,0,0,9185,186847,4.91,6.38,76.95,"E",1988-07-09
"AK","1989-01-07",53,1988-12-31,1722,45,7,0,0,11136,332,70,0,0,14,14,0,0,9494,186847,5.08,6.38,79.62,"E",1988-07-09
"AK","1989-01-14",1,1989-01-07,2222,50,11,0,0,11557,371,44,0,0,4,4,0,0,9861,187150,5.26,6.67,78.86,"E",1988-07-09
"AK","1989-01-21",2,1989-01-14,1554,38,12,0,0,12342,373,88,0,0,0,0,0,0,10222,187150,5.46,6.88,76.36,"E",1988-07-09
"AK","1989-01-28",3,1989-01-21,1781,31,10,0,0,13321,419,101,0,0,12,12,0,0,10620,187150,5.67,7.04,80.53,"E",1988-07-09
"AK","1989-02-04",4,1989-01-28,1443,23,6,0,0,13426,442,144,0,0,4,4,0,0,10968,187150,5.86,7.21,81.27,"E",1988-07-09
"AK","1989-02-11",5,1989-02-04,1700,25,15,0,0,14127,413,110,0,0,3,3,0,0,11384,187150,6.08,7.39,82.27,"B",1989-02-19
"AK","1989-02-18",6,1989-02-11,1551,16,5,0,0,14355,449,83,0,0,3,3,0,0,11717,187150,6.26,7.56,82.8,"B",1989-02-19
"AK","1989-02-25",7,1989-02-18,1144,16,5,0,0,12835,380,100,0,0,26,25,0,0,11996,187150,6.4,7.67,83.44,"B",1989-02-19
"AK","1989-03-04",8,1989-02-25,1349,22,11,0,0,13815,446,72,0,0,136,125,0,0,12236,187150,6.53,7.83,83.39,"B",1989-02-19
"AK","1989-03-11",9,1989-03-04,1298,24,11,0,0,12955,392,93,0,0,2177,2069,0,0,12440,187150,6.64,7.96,83.41,"B",1989-02-19
"AK","1989-03-18",10,1989-03-11,1242,25,110,0,0,12993,409,77,0,0,920,884,0,0,12602,187150,6.73,8.06,83.49,"B",1989-02-19
"AK","1989-03-25",11,1989-03-18,1151,11,11,0,0,12358,407,81,0,0,2659,2530,0,0,12753,187150,6.81,8.14,83.66,"B",1989-02-19
"AK","1989-04-01",12,1989-03-25,896,18,2,0,0,11961,398,74,0,0,1310,1267,0,0,12860,187150,6.87,8.25,83.27,"B",1989-02-19
"AK","1989-04-08",13,1989-04-01,1773,27,6,0,0,11480,380,70,0,0,2908,2775,0,0,12887,187150,6.88,8.29,82.99,"B",1989-02-19
"AK","1989-04-15",14,1989-04-08,1344,21,6,0,0,11053,349,60,0,0,1498,1440,0,0,12848,189225,6.78,8.4,80.71,"B",1989-02-19
"AK","1989-04-22",15,1989-04-15,1222,45,7,0,0,10797,340,79,0,0,2552,2438,0,0,12729,189225,6.72,8.36,80.38,"B",1989-02-19
"AK","1989-04-29",16,1989-04-22,1063,21,7,0,0,10457,332,69,0,0,1584,1512,0,0,12509,189225,6.61,8.29,79.73,"B",1989-02-19
"AK","1989-05-06",17,1989-04-29,1169,32,7,0,0,9633,369,70,0,0,2055,1960,0,0,12217,189225,6.45,8.2,78.65,"B",1989-02-19
"AK","1989-05-13",18,1989-05-06,957,27,7,0,0,9153,293,66,0,0,1473,1412,0,0,11834,189225,6.25,8.08,77.35,"B",1989-02-19
"AK","1989-05-20",19,1989-05-13,961,18,7,0,0,8257,285,75,0,0,1605,1518,0,0,11365,189225,6,7.92,75.75,"B",1989-02-19
"AK","1989-05-27",20,1989-05-20,957,25,5,0,0,7708,255,59,0,0,1289,1232,0,0,10971,189225,5.79,7.77,74.51,"E",1989-06-10
"AK","1989-06-03",21,1989-05-27,902,15,4,0,0,6968,223,67,0,0,0,0,0,0,10444,189225,5.51,7.55,72.98,"E",1989-06-10
"AK","1989-06-10",22,1989-06-03,1094,22,4,0,0,7323,246,60,0,0,1178,1125,0,0,10011,189225,5.29,7.31,72.36,"E",1989-06-10
"AK","1989-06-17",23,1989-06-10,1033,23,0,0,0,6980,218,64,0,0,0,0,0,0,9548,189225,5.04,7.08,71.18,"E",1989-06-10
"AK","1989-06-24",24,1989-06-17,777,20,9,0,0,6801,222,57,0,0,834,804,0,0,9121,189225,4.82,6.87,70.16,"E",1989-06-10
"AK","1989-07-01",25,1989-06-24,885,18,6,0,0,6347,206,60,0,0,642,618,0,0,8689,189225,4.59,6.65,69.02,"E",1989-06-10
"AK","1989-07-08",26,1989-07-01,915,23,4,0,0,5804,169,56,0,0,213,208,0,0,8252,189225,4.36,6.44,67.7,"E",1989-06-10
"AK","1989-07-15",27,1989-07-08,996,22,7,0,0,6288,227,63,0,0,80,80,0,0,7886,191077,4.12,6.32,65.18,"E",1989-06-10
"AK","1989-07-22",28,1989-07-15,753,20,6,0,0,6045,198,51,0,0,0,0,0,0,7520,191077,3.93,6.11,64.32,"E",1989-06-10
"AK","1989-07-29",29,1989-07-22,1006,21,7,0,0,5990,204,59,0,0,19,19,0,0,7177,191077,3.75,5.89,63.66,"E",1989-06-10
"AK","1989-08-05",30,1989-07-29,839,16,8,0,0,5958,187,59,0,0,14,14,0,0,6894,191077,3.6,5.67,63.49,"E",1989-06-10
"AK","1989-08-12",31,1989-08-05,780,17,7,0,0,5729,212,56,0,0,11,11,0,0,6631,191077,3.47,5.48,63.32,"E",1989-06-10
"AK","1989-08-19",32,1989-08-12,751,21,5,0,0,5671,169,55,0,0,14,14,0,0,6432,191077,3.36,5.3,63.39,"E",1989-06-10
"AK","1989-08-26",33,1989-08-19,770,14,5,0,0,5405,211,61,0,0,2,2,0,0,6255,191077,3.27,5.14,63.61,"E",1989-06-10
"AK","1989-09-02",34,1989-08-26,1032,26,5,0,0,5482,175,48,0,0,2,2,0,0,6140,191077,3.21,4.98,64.45,"E",1989-06-10
"AK","1989-09-09",35,1989-09-02,908,19,9,0,0,5277,181,54,0,0,14,14,0,0,5983,191077,3.13,4.85,64.53,"E",1989-06-10
"AK","1989-09-16",36,1989-09-09,940,25,2,0,0,5469,196,51,0,0,6,6,0,0,5867,191077,3.03,4.71,65.18,"E",1989-06-10
"AK","1989-09-23",37,1989-09-16,1083,26,8,0,0,5477,214,50,0,0,4,4,0,0,5765,191077,3.01,4.58,65.72,"E",1989-06-10
"AK","1989-09-30",38,1989-09-23,1143,33,7,0,0,5551,203,27,0,0,7,7,0,0,5704,191077,2.98,4.45,66.96,"E",1989-06-10
"AK","1989-10-07",39,1989-09-30,1812,39,5,0,0,5804,212,46,0,0,7,7,0,0,5704,191077,2.98,4.34,68.66,"E",1989-06-10
"AK","1989-10-14",40,1989-10-07,1432,36,8,0,0,5870,214,43,0,0,10,9,0,0,5671,193305,2.93,4.32,67.82,"E",1989-06-10
"AK","1989-10-21",41,1989-10-14,1384,29,5,0,0,7576,230,52,0,0,18,16,0,0,5789,193305,2.99,4.24,70.51,"E",1989-06-10
"AK","1989-10-28",42,1989-10-21,1970,40,10,0,0,7237,249,38,0,0,15,13,0,0,5885,193305,3.04,4.22,72.03,"E",1989-06-10
"AK","1989-11-04",43,1989-10-28,1061,24,6,0,0,9089,246,52,0,0,11,11,0,0,6124,193305,3.16,4.23,74.7,"E",1989-06-10
"AK","1989-11-11",44,1989-11-04,1197,22,4,0,0,8054,252,39,0,0,18,14,0,0,6302,193305,3.26,4.27,76.34,"E",1989-06-10
"AK","1989-11-18",45,1989-11-11,1973,34,17,0,0,10283,258,44,0,0,26,26,0,0,6657,193305,3.44,4.31,79.81,"E",1989-06-10
"AK","1989-11-25",46,1989-11-18,1193,19,5,0,0,9135,289,36,0,0,13,12,0,0,6944,193305,3.59,4.41,81.4,"E",1989-06-10
"AK","1989-12-02",47,1989-11-25,1643,22,10,0,0,11159,260,56,0,0,0,0,0,0,7381,193305,3.81,4.49,84.85,"E",1989-06-10
"AK","1989-12-09",48,1989-12-02,1453,32,10,0,0,10261,308,56,0,0,13,12,0,0,7764,193305,4.01,4.63,86.6,"E",1989-06-10
"AK","1989-12-16",49,1989-12-09,1177,16,4,0,0,11257,269,56,0,0,5,5,0,0,8209,193305,4.24,4.79,88.51,"E",1989-06-10
"AK","1989-12-23",50,1989-12-16,1379,29,7,0,0,10443,291,50,0,0,5,5,0,0,8591,193305,4.44,4.95,89.69,"E",1989-06-10
"AK","1989-12-30",51,1989-12-23,937,11,6,0,0,10596,252,58,0,0,1,1,0,0,8980,193305,4.64,5.09,91.15,"E",1989-06-10
"AK","1990-01-06",52,1989-12-30,2213,22,5,0,0,11022,282,60,0,0,12,12,0,0,9381,193305,4.85,5.25,92.38,"E",1989-06-10
"AK","1990-01-13",1,1990-01-06,2781,36,12,0,0,12789,286,69,0,0,0,0,20,20,9913,197294,5.02,5.57,90.12,"E",1989-06-10
"AK","1990-01-20",2,1990-01-13,2134,35,10,0,0,14305,340,82,0,0,0,0,0,0,10431,197294,5.28,5.76,91.66,"E",1989-06-10
"AK","1990-01-27",3,1990-01-20,1839,27,14,0,0,14545,292,101,0,0,0,0,0,0,10993,197294,5.57,5.97,93.29,"E",1989-06-10
"AK","1990-02-03",4,1990-01-27,1760,27,10,0,0,15740,353,90,0,0,0,0,12,12,11507,197294,5.83,6.14,94.95,"E",1989-06-10
"AK","1990-02-10",5,1990-02-03,1919,9,9,0,0,14768,276,100,0,0,0,0,8,8,12023,197294,6.09,6.35,95.9,"B",1990-02-18
"AK","1990-02-17",6,1990-02-10,1811,21,6,0,0,16413,383,73,0,0,0,0,0,0,12495,197294,6.33,6.51,97.23,"B",1990-02-18
"AK","1990-02-24",7,1990-02-17,1241,14,7,0,0,14640,283,83,0,0,38,38,0,0,12918,197294,6.54,6.65,98.34,"B",1990-02-18
"AK","1990-03-03",8,1990-02-24,1730,19,7,0,0,16696,322,73,0,0,162,155,0,0,13344,197294,6.76,6.79,99.55,"B",1990-02-18
"AK","1990-03-10",9,1990-03-03,1584,27,16,0,0,14996,324,100,0,0,1801,1766,0,0,13708,197294,6.94,6.93,100.14,"B",1990-02-18
"AK","1990-03-17",10,1990-03-10,1331,21,5,0,0,16007,349,78,0,0,911,885,0,0,14074,197294,7.13,7.02,101.56,"B",1990-02-18
"AK","1990-03-24",11,1990-03-17,1288,14,9,0,0,14439,330,92,0,0,2381,2338,0,0,14381,197294,7.28,7.1,102.53,"B",1990-02-18
"AK","1990-03-31",12,1990-03-24,1059,16,11,0,0,13488,289,65,0,0,1173,1137,0,0,14604,197294,7.4,7.19,102.92,"B",1990-02-18
"AK","1990-04-07",13,1990-03-31,1766,29,10,0,0,13925,339,70,0,0,2673,2673,0,0,14827,197294,7.51,7.23,103.87,"B",1990-02-18
"AK","1990-04-14",14,1990-04-07,1424,21,11,0,0,12554,233,62,0,0,1453,1425,0,0,14809,202604,7.3,7.22,101.1,"B",1990-02-18
"AK","1990-04-21",15,1990-04-14,1403,31,10,0,0,13744,324,66,0,0,2483,2433,0,0,14766,202604,7.28,7.18,101.39,"B",1990-02-18
"AK","1990-04-28",16,1990-04-21,1226,17,13,0,0,11822,234,70,0,0,1509,1479,0,0,14556,202604,7.18,7.08,101.41,"B",1990-02-18
"AK","1990-05-05",17,1990-04-28,1343,29,9,0,0,13252,325,73,0,0,2030,1992,0,0,14365,202604,7.09,6.92,101.72,"B",1990-02-18
"AK","1990-05-12",18,1990-05-05,1494,27,9,0,0,10849,234,63,0,0,1623,1589,0,0,14063,202604,6.94,6.8,102.05,"B",1990-02-18
"AK","1990-05-19",19,1990-05-12,1453,17,12,0,0,11955,296,74,0,0,1799,1764,0,0,13721,202604,6.77,6.61,102.42,"B",1990-02-18
"AK","1990-05-26",20,1990-05-19,1236,15,12,0,0,10025,204,71,0,0,1880,1854,0,0,13366,202604,6.59,6.43,102.48,"B",1990-02-18
"AK","1990-06-02",21,1990-05-26,1119,11,9,0,0,10388,245,76,0,0,1745,1712,0,0,12880,202604,6.35,6.19,102.58,"B",1990-02-18
"AK","1990-06-09",22,1990-06-02,1132,20,5,0,0,9139,205,57,0,0,1997,1968,0,0,12430,202604,6.13,5.95,103.02,"B",1990-02-18
"AK","1990-06-16",23,1990-06-09,1049,17,4,0,0,9408,228,77,0,0,1717,1680,0,0,11922,202604,5.88,5.72,102.79,"E",1990-06-30
"AK","1990-06-23",24,1990-06-16,1119,18,10,0,0,8536,182,67,0,0,1983,1983,0,0,11468,202604,5.66,5.51,102.72,"E",1990-06-30
"AK","1990-06-30",25,1990-06-23,994,15,12,0,0,8823,221,67,0,0,1786,1685,0,0,11109,202604,5.48,5.29,103.59,"E",1990-06-30
"AK","1990-07-07",26,1990-06-30,1094,22,5,0,0,7744,198,72,0,0,1767,1736,0,0,10634,202604,5.24,5.08,103.14,"E",1990-06-30
"AK","1990-07-14",27,1990-07-07,1163,22,12,0,0,8259,218,60,0,0,975,975,0,0,10303,205186,5.02,4.87,103.08,"E",1990-06-30
"AK","1990-07-21",28,1990-07-14,1202,23,15,0,0,7945,216,64,0,0,929,914,0,0,9857,205186,4.8,4.68,102.56,"E",1990-06-30
"AK","1990-07-28",29,1990-07-21,1104,21,9,0,0,7884,213,54,0,0,261,257,0,0,9554,205186,4.65,4.5,103.33,"E",1990-06-30
"AK","1990-08-04",30,1990-07-28,956,21,6,0,0,7796,200,69,0,0,64,62,0,0,9135,205186,4.45,4.32,103,"E",1990-06-30
"AK","1990-08-11",31,1990-08-04,917,19,8,0,0,7656,216,58,0,0,33,33,0,0,8889,205186,4.33,4.17,103.83,"E",1990-06-30
"AK","1990-08-18",32,1990-08-11,1067,16,9,0,0,7534,230,75,0,0,23,19,0,0,8549,205186,4.16,4.03,103.22,"E",1990-06-30
"AK","1990-08-25",33,1990-08-18,1069,16,13,0,0,7453,212,67,0,0,12,12,0,0,8351,205186,4.06,3.91,103.83,"E",1990-06-30
"AK","1990-09-01",34,1990-08-25,992,20,6,0,0,7444,229,54,0,0,12,10,0,0,8125,205186,3.95,3.81,103.67,"E",1990-06-30
"AK","1990-09-08",35,1990-09-01,974,9,10,0,0,6789,181,65,0,0,16,16,0,0,7944,205186,3.87,3.72,104.03,"E",1990-06-30
"AK","1990-09-15",36,1990-09-08,1339,20,7,0,0,7324,229,67,0,0,21,19,0,0,7784,205186,3.79,3.63,104.4,"E",1990-06-30
"AK","1990-09-22",37,1990-09-15,1213,15,10,0,0,7000,211,81,0,0,8,8,0,0,7665,205186,3.73,3.55,105.07,"E",1990-06-30
"AK","1990-09-29",38,1990-09-22,1135,23,13,0,0,7337,198,51,0,0,24,24,0,0,7551,205186,3.68,3.47,106.05,"E",1990-06-30
"AK","1990-10-06",39,1990-09-29,2299,64,12,0,0,7029,188,71,0,0,20,20,0,0,7496,205186,3.65,3.42,106.72,"E",1990-06-30
"AK","1990-10-13",40,1990-10-06,1943,43,13,0,0,7457,199,50,0,0,9,9,0,0,7434,208086,3.57,3.39,105.3,"E",1990-06-30
"AK","1990-10-20",41,1990-10-13,1640,23,13,0,0,9598,269,86,0,0,14,14,0,0,7562,208086,3.63,3.38,107.39,"E",1990-06-30
"AK","1990-10-27",42,1990-10-20,1997,49,11,0,0,9251,213,61,0,0,17,15,0,0,7667,208086,3.68,3.4,108.23,"E",1990-06-30
"AK","1990-11-03",43,1990-10-27,1966,25,7,0,0,11128,295,99,0,0,13,13,0,0,7923,208086,3.8,3.47,109.51,"E",1990-06-30
"AK","1990-11-10",44,1990-11-03,1698,22,7,0,0,10272,242,70,0,0,20,19,0,0,8124,208086,3.9,3.54,110.16,"E",1990-06-30
"AK","1990-11-17",45,1990-11-10,1669,17,11,0,0,11797,282,90,0,0,17,17,0,0,8452,208086,4.06,3.66,110.92,"E",1990-06-30
"AK","1990-11-24",46,1990-11-17,1658,22,12,0,0,10925,266,75,0,0,23,21,0,0,8719,208086,4.19,3.79,110.55,"E",1990-06-30
"AK","1990-12-01",47,1990-11-24,1932,27,12,0,0,13148,296,91,0,0,21,21,0,0,9158,208086,4.4,3.94,111.67,"E",1990-06-30
"AK","1990-12-08",48,1990-12-01,1700,30,15,0,0,12192,302,93,0,0,13,11,0,0,9574,208086,4.6,4.12,111.65,"E",1990-06-30
"AK","1990-12-15",49,1990-12-08,1526,15,9,0,0,13915,299,103,0,0,6,6,0,0,10081,208086,4.84,4.31,112.29,"E",1990-06-30
"AK","1990-12-22",50,1990-12-15,1688,18,10,0,0,12492,312,89,0,0,18,16,0,0,10503,208086,5.04,4.49,112.24,"E",1990-06-30
"AK","1990-12-29",51,1990-12-22,1301,6,8,0,0,12384,261,74,0,0,6,6,0,0,10891,208086,5.23,4.68,111.75,"E",1990-06-30
"AK","1991-01-05",52,1990-12-29,2038,24,4,0,0,13333,271,80,0,0,11,9,0,0,11376,208086,5.46,4.88,111.88,"E",1990-06-30
"AK","1991-01-12",1,1991-01-05,2824,39,15,0,0,14753,307,78,0,0,9,9,0,0,11938,210924,5.65,5.14,109.92,"E",1990-06-30
"AK","1991-01-19",2,1991-01-12,2103,32,7,0,0,15375,348,87,0,0,12,10,0,0,12382,210924,5.87,5.37,109.31,"E",1990-06-30
"AK","1991-01-26",3,1991-01-19,1895,13,6,0,0,15525,315,70,0,0,9,7,0,0,12865,210924,6.09,5.62,108.36,"B",1991-02-03
"AK","1991-02-02",4,1991-01-26,1965,18,6,0,0,15968,352,86,0,0,19,15,0,0,13237,210924,6.27,5.84,107.36,"B",1991-02-03
"AK","1991-02-09",5,1991-02-02,2299,18,15,0,0,16321,302,76,0,0,46,42,0,0,13702,210924,6.49,6.08,106.74,"B",1991-02-03
"AK","1991-02-16",6,1991-02-09,1540,27,9,0,0,16992,362,102,0,0,360,348,0,0,14102,210924,6.68,6.29,106.2,"B",1991-02-03
"AK","1991-02-23",7,1991-02-16,1760,13,12,0,0,16130,308,85,0,0,2359,2308,0,0,14502,210924,6.87,6.47,106.18,"B",1991-02-03
"AK","1991-03-02",8,1991-02-23,1915,21,6,0,0,17154,358,111,0,0,1416,1383,0,0,14810,210924,7.02,6.64,105.72,"B",1991-02-03
"AK","1991-03-09",9,1991-03-02,1758,11,12,0,0,16936,323,83,0,0,2922,2862,0,0,15175,210924,7.19,6.79,105.89,"B",1991-02-03
"AK","1991-03-16",10,1991-03-09,1687,13,7,0,0,16552,337,104,0,0,1846,1809,0,0,15378,210924,7.29,6.93,105.19,"B",1991-02-03
"AK","1991-03-23",11,1991-03-16,1616,8,12,0,0,16142,292,87,0,0,3338,3280,0,0,15659,210924,7.42,7.04,105.39,"B",1991-02-03
"AK","1991-03-30",12,1991-03-23,1393,13,10,0,0,15784,327,85,0,0,2064,2020,0,0,15920,210924,7.54,7.13,105.75,"B",1991-02-03
"AK","1991-04-06",13,1991-03-30,2103,21,6,0,0,15665,268,81,0,0,3621,3557,0,0,16100,210924,7.63,7.19,106.11,"B",1991-02-03
"AK","1991-04-13",14,1991-04-06,1662,35,6,0,0,14971,301,90,0,0,2357,2313,0,0,16117,211712,7.61,7.04,108.09,"B",1991-02-03
"AK","1991-04-20",15,1991-04-13,1807,18,11,0,0,15617,255,56,0,0,2914,2874,0,0,16135,211712,7.62,7,108.85,"B",1991-02-03
"AK","1991-04-27",16,1991-04-20,1570,21,10,0,0,14721,296,90,0,0,2286,2230,0,0,16073,211712,7.59,6.89,110.15,"B",1991-02-03
"AK","1991-05-04",17,1991-04-27,1723,20,10,0,0,15110,299,60,0,0,2458,2412,0,0,16007,211712,7.56,6.77,111.66,"B",1991-02-03
"AK","1991-05-11",18,1991-05-04,1713,35,14,0,0,13734,258,75,0,0,1997,1942,0,0,15808,211712,7.46,6.59,113.2,"B",1991-02-03
"AK","1991-05-18",19,1991-05-11,1697,22,20,0,0,14118,268,65,0,0,2068,2024,0,0,15587,211712,7.36,6.38,115.36,"B",1991-02-03
"AK","1991-05-25",20,1991-05-18,1438,21,9,0,0,12460,237,80,0,0,1946,1894,0,0,15305,211712,7.22,6.19,116.63,"B",1991-02-03
"AK","1991-06-01",21,1991-05-25,1233,12,7,0,0,12487,194,64,0,0,1796,1747,0,0,14946,211712,7.05,5.93,118.88,"B",1991-02-03
"AK","1991-06-08",22,1991-06-01,1667,23,19,0,0,11719,238,73,0,0,1889,1836,0,0,14545,211712,6.87,5.71,120.31,"B",1991-02-03
"AK","1991-06-15",23,1991-06-08,1316,19,6,0,0,12169,192,71,0,0,1849,1810,0,0,14207,211712,6.71,5.46,122.89,"B",1991-02-03
"AK","1991-06-22",24,1991-06-15,1335,7,15,0,0,11148,199,76,0,0,1730,1692,0,0,13823,211712,6.52,5.24,124.42,"B",1991-02-03
"AK","1991-06-29",25,1991-06-22,1182,9,15,0,0,11145,187,73,0,0,1759,1723,0,0,13466,211712,6.36,5.03,126.44,"B",1991-02-03
"AK","1991-07-06",26,1991-06-29,1582,18,9,0,0,9943,180,88,0,0,1563,1527,0,0,13026,211712,6.15,4.8,128.12,"B",1991-02-03
"AK","1991-07-13",27,1991-07-06,1594,15,9,0,0,10431,182,63,0,0,1626,1608,0,0,12677,214425,5.91,4.57,129.32,"B",1991-02-03
"AK","1991-07-20",28,1991-07-13,1466,16,16,0,0,10273,189,71,0,0,1586,1548,0,0,12266,214425,5.72,4.36,131.19,"B",1991-02-03
"AK","1991-07-27",29,1991-07-20,1363,19,18,0,0,10201,181,70,0,0,1444,1427,0,0,11918,214425,5.55,4.2,132.14,"B",1991-02-03
"AK","1991-08-03",30,1991-07-27,1326,14,14,0,0,10289,197,97,0,0,1445,1417,0,0,11547,214425,5.38,4.02,133.83,"B",1991-02-03
"AK","1991-08-10",31,1991-08-03,1209,12,13,0,0,9749,169,72,0,0,1426,1408,0,0,11241,214425,5.24,3.9,134.35,"B",1991-02-03
"AK","1991-08-17",32,1991-08-10,1148,11,17,0,0,10215,215,108,0,0,1442,1415,0,0,10941,214425,5.1,3.76,135.63,"B",1991-02-03
"AK","1991-08-24",33,1991-08-17,1222,14,7,0,0,9442,193,90,0,0,1369,1353,0,0,10709,214425,4.99,3.66,136.33,"E",1991-09-07
"AK","1991-08-31",34,1991-08-24,1310,18,14,0,0,9687,198,98,0,0,1357,1328,0,0,10493,214425,4.89,3.58,136.59,"E",1991-09-07
"AK","1991-09-07",35,1991-08-31,1244,11,8,0,0,9388,167,75,0,0,1279,1261,0,0,10314,214425,4.81,3.5,137.42,"E",1991-09-07
"AK","1991-09-14",36,1991-09-07,1681,18,17,0,0,9424,193,113,0,0,1444,1410,0,0,10103,214425,4.71,3.43,137.31,"E",1991-09-07
"AK","1991-09-21",37,1991-09-14,1523,20,19,0,0,9138,171,86,0,0,741,728,0,0,9948,214425,4.63,3.37,137.38,"E",1991-09-07
"AK","1991-09-28",38,1991-09-21,1536,26,15,0,0,9476,186,117,0,0,493,491,0,0,9820,214425,4.57,3.33,137.23,"E",1991-09-07
"AK","1991-10-05",39,1991-09-28,2432,46,19,0,0,9712,180,99,0,0,252,241,0,0,9802,214425,4.57,3.31,138.06,"E",1991-09-07
"AK","1991-10-12",40,1991-10-05,2194,36,23,0,0,10171,207,122,0,0,89,89,0,0,9782,216308,4.52,3.25,139.07,"E",1991-09-07
"AK","1991-10-19",41,1991-10-12,1568,28,11,0,0,10463,223,100,0,0,25,23,0,0,9797,216308,4.52,3.31,136.55,"E",1991-09-07
"AK","1991-10-26",42,1991-10-19,2197,29,17,0,0,12096,258,128,0,0,50,48,0,0,9942,216308,4.59,3.36,136.6,"E",1991-09-07
"AK","1991-11-02",43,1991-10-26,2607,27,22,0,0,12536,269,104,0,0,24,24,0,0,10115,216308,4.67,3.48,134.19,"E",1991-09-07
"AK","1991-11-09",44,1991-11-02,2256,27,20,0,0,12844,231,142,0,0,30,30,0,0,10353,216308,4.78,3.58,133.51,"E",1991-09-07
"AK","1991-11-16",45,1991-11-09,1905,24,16,0,0,13785,293,119,0,0,26,25,0,0,10628,216308,4.91,3.75,130.93,"E",1991-09-07
"AK","1991-11-23",46,1991-11-16,2001,25,15,0,0,14220,266,149,0,0,34,33,0,0,10995,216308,5.08,3.89,130.59,"E",1991-09-07
"AK","1991-11-30",47,1991-11-23,1700,24,15,0,0,14196,260,123,0,0,32,32,0,0,11342,216308,5.24,4.1,127.8,"E",1991-09-07
"AK","1991-12-07",48,1991-11-30,1935,22,23,0,0,16274,313,143,0,0,406,402,0,0,11872,216308,5.48,4.3,127.44,"E",1991-09-07
"AK","1991-12-14",49,1991-12-07,1996,24,14,0,0,15689,307,135,0,0,72,69,0,0,12354,216308,5.71,4.54,125.77,"E",1991-09-07
"AK","1991-12-21",50,1991-12-14,2297,33,22,0,0,16285,277,223,0,0,4,4,0,0,12904,216308,5.96,4.74,125.73,"E",1991-09-07
"AK","1991-12-28",51,1991-12-21,1717,24,24,0,0,14864,281,182,0,0,6,6,0,0,13318,216308,6.15,4.93,124.74,"E",1991-09-07
"AK","1992-01-04",52,1991-12-28,2695,30,20,0,0,16736,285,247,0,0,23,23,0,0,13858,216308,6.4,5.15,124.27,"E",1991-09-07
"AK","1992-01-11",1,1992-01-04,3017,36,33,0,0,17390,336,231,0,0,23,23,0,0,14414,216880,6.64,5.33,124.57,"E",1991-09-07
"AK","1992-01-18",2,1992-01-11,2458,36,17,0,0,19421,348,286,0,0,10,10,0,0,15103,216880,6.96,5.57,124.95,"E",1991-09-07
"AK","1992-01-25",3,1992-01-18,2345,29,17,0,0,18514,314,222,0,0,21,19,0,0,15596,216880,7.19,5.83,123.32,"E",1991-09-07
"AK","1992-02-01",4,1992-01-25,2380,34,29,0,0,20564,390,297,0,0,14,14,0,0,16214,216880,7.47,6.05,123.47,"E",1991-09-07
"AK","1992-02-08",5,1992-02-01,2211,20,32,0,0,18997,350,256,0,0,12,11,0,0,16687,216880,7.69,6.29,122.25,"E",1991-09-07
"AK","1992-02-15",6,1992-02-08,1731,19,21,0,0,20304,386,315,0,0,24,23,0,0,17189,216880,7.92,6.5,121.84,"E",1991-09-07
"AK","1992-02-22",7,1992-02-15,1525,23,21,0,0,18165,359,251,0,0,14,12,0,0,17492,216880,8.06,6.7,120.29,"E",1991-09-07
"AK","1992-02-29",8,1992-02-22,1739,20,23,0,0,20108,402,305,0,0,0,0,0,0,17947,216880,8.27,6.89,120.02,"E",1991-09-07
"AK","1992-03-07",9,1992-02-29,2081,26,32,0,0,18088,374,272,0,0,1,1,0,0,18086,216880,8.33,7.06,117.98,"E",1991-09-07
"AK","1992-03-14",10,1992-03-07,2088,25,23,0,0,19227,402,286,0,0,0,0,0,0,18359,216880,8.46,7.21,117.33,"E",1991-09-07
"AK","1992-03-21",11,1992-03-14,1717,13,25,0,0,17527,328,276,0,0,0,0,0,0,18454,216880,8.5,7.35,115.64,"E",1991-09-07
"AK","1992-03-28",12,1992-03-21,1841,16,18,0,0,19036,368,289,0,0,0,0,0,0,18775,216880,8.65,7.47,115.79,"E",1991-09-07
"AK","1992-04-04",13,1992-03-28,2362,11,23,0,0,16516,323,273,0,0,0,0,0,0,18758,216880,8.64,7.57,114.13,"E",1991-09-07
"AK","1992-04-11",14,1992-04-04,2437,34,32,0,0,17441,303,279,0,0,0,0,0,0,18762,217839,8.61,7.45,115.57,"E",1991-09-07
"AK","1992-04-18",15,1992-04-11,2342,28,25,0,0,17075,320,288,0,0,0,0,0,0,18582,217839,8.53,7.45,114.49,"E",1991-09-07
"AK","1992-04-25",16,1992-04-18,2026,36,20,0,0,17232,303,314,0,0,0,0,0,0,18483,217839,8.48,7.38,114.9,"E",1991-09-07
"AK","1992-05-02",17,1992-04-25,1758,35,25,0,0,16278,289,253,0,0,0,0,0,0,18153,217839,8.33,7.32,113.79,"E",1991-09-07
"AK","1992-05-09",18,1992-05-02,1713,24,22,0,0,15722,309,315,0,0,0,0,0,0,17901,217839,8.21,7.2,114.02,"E",1991-09-07
"AK","1992-05-16",19,1992-05-09,1652,12,23,0,0,14584,273,251,0,0,2,2,0,0,17461,217839,8.01,7.06,113.45,"E",1991-09-07
"AK","1992-05-23",20,1992-05-16,1848,21,28,0,0,14534,294,297,0,0,0,0,0,0,17182,217839,7.88,6.9,114.2,"E",1991-09-07
"AK","1992-05-30",21,1992-05-23,1376,13,14,0,0,13300,211,251,0,0,0,0,0,0,16658,217839,7.64,6.7,114.02,"E",1991-09-07
"AK","1992-06-06",22,1992-05-30,1887,21,28,0,0,12756,263,287,0,0,0,0,0,0,16248,217839,7.45,6.5,114.61,"E",1991-09-07
"AK","1992-06-13",23,1992-06-06,2065,24,22,0,0,12663,193,222,0,0,0,0,0,0,15743,217839,7.22,6.29,114.78,"E",1991-09-07
"AK","1992-06-20",24,1992-06-13,1768,15,23,0,0,12443,258,298,0,0,0,0,0,0,15352,217839,7.04,6.09,115.59,"E",1991-09-07
"AK","1992-06-27",25,1992-06-20,1624,12,11,0,0,11792,185,206,0,0,0,0,0,0,14795,217839,6.79,5.92,114.69,"E",1991-09-07
"AK","1992-07-04",26,1992-06-27,1361,8,18,0,0,11053,236,242,0,0,0,0,0,0,14375,217839,6.59,5.69,115.81,"E",1991-09-07
"AK","1992-07-11",27,1992-07-04,1872,23,22,0,0,11312,197,218,0,0,0,0,160,159,13903,218141,6.37,5.46,116.66,"E",1991-09-07
"AK","1992-07-18",28,1992-07-11,1562,18,26,0,0,11213,224,260,0,0,0,0,144,142,13452,218141,6.16,5.26,117.11,"E",1991-09-07
"AK","1992-07-25",29,1992-07-18,1676,33,38,0,0,11011,203,229,0,0,0,0,137,135,12974,218141,5.94,5.1,116.47,"E",1991-09-07
"AK","1992-08-01",30,1992-07-25,1228,12,15,0,0,10821,260,264,0,0,0,0,138,136,12554,218141,5.75,4.91,117.1,"E",1991-09-07
"AK","1992-08-08",31,1992-08-01,1408,14,25,0,0,10196,197,204,0,0,0,0,144,142,12129,218141,5.56,4.78,116.31,"E",1991-09-07
"AK","1992-08-15",32,1992-08-08,1422,15,19,0,0,9876,221,226,0,0,0,0,145,143,11767,218141,5.39,4.63,116.41,"E",1991-09-07
"AK","1992-08-22",33,1992-08-15,1517,11,20,0,0,9346,186,226,0,0,0,0,98,98,11368,218141,5.21,4.52,115.26,"E",1991-09-07
"AK","1992-08-29",34,1992-08-22,1276,8,19,0,0,10124,222,215,0,0,0,0,16,16,11124,218141,5.09,4.42,115.15,"E",1991-09-07
"AK","1992-09-05",35,1992-08-29,1678,12,18,0,0,9755,164,222,0,0,0,0,3,3,10893,218141,4.99,4.34,114.97,"E",1991-09-07
"AK","1992-09-12",36,1992-09-05,1113,7,17,0,0,8911,215,208,0,0,0,0,2,2,10604,218141,4.86,4.25,114.35,"E",1991-09-07
"AK","1992-09-19",37,1992-09-12,1761,15,13,0,0,9409,153,221,0,0,0,0,1,1,10371,218141,4.75,4.18,113.63,"E",1991-09-07
"AK","1992-09-26",38,1992-09-19,1536,22,19,0,0,9089,223,213,0,0,0,0,0,0,10163,218141,4.65,4.12,112.86,"E",1991-09-07
"AK","1992-10-03",39,1992-09-26,1677,26,18,0,0,9623,169,230,0,0,0,0,0,0,10034,218141,4.59,4.11,111.67,"E",1991-09-07
"AK","1992-10-10",40,1992-10-03,2489,37,21,0,0,9342,255,223,0,0,0,0,0,0,9901,219228,4.51,4.04,111.63,"E",1991-09-07
"AK","1992-10-17",41,1992-10-10,2288,36,21,0,0,10087,176,257,0,0,0,0,0,0,9815,219228,4.47,4.07,109.82,"E",1991-09-07
"AK","1992-10-24",42,1992-10-17,1822,31,20,0,0,10444,271,219,0,0,0,0,0,0,9771,219228,4.45,4.13,107.74,"E",1991-09-07
"AK","1992-10-31",43,1992-10-24,2214,20,11,0,0,11320,222,240,0,0,0,0,0,0,9809,219228,4.47,4.23,105.67,"E",1991-09-07
"AK","1992-11-07",44,1992-10-31,2143,16,21,0,0,11928,284,233,0,0,0,0,0,0,9943,219228,4.53,4.34,104.37,"E",1991-09-07
"AK","1992-11-14",45,1992-11-07,1465,14,14,0,0,12390,216,254,0,0,0,0,0,0,10136,219228,4.62,4.485,103.01,"E",1991-09-07
"AK","1992-11-21",46,1992-11-14,2116,22,18,0,0,12793,311,235,0,0,0,0,0,0,10401,219228,4.74,4.635,102.26,"E",1991-09-07
"AK","1992-11-28",47,1992-11-21,1297,20,14,0,0,12412,219,206,0,0,0,0,0,0,10577,219228,4.82,4.82,100,"E",1991-09-07
"AK","1992-12-05",48,1992-11-28,1692,23,18,0,0,13805,305,264,0,0,0,0,0,0,10889,219228,4.96,5.04,98.41,"E",1991-09-07
"AK","1992-12-12",49,1992-12-05,1512,32,5,0,0,13193,233,236,0,0,0,0,0,0,11218,219228,5.11,5.275,96.87,"E",1991-09-07
"AK","1992-12-19",50,1992-12-12,1697,12,11,0,0,13220,288,236,0,0,0,0,0,0,11511,219228,5.25,5.5,95.45,"E",1991-09-07
"AK","1992-12-26",51,1992-12-19,1413,8,7,0,0,11594,209,209,0,0,0,0,0,0,11704,219228,5.33,5.69,93.67,"E",1991-09-07
"AK","1993-01-02",52,1992-12-26,1587,14,14,0,0,13564,260,196,1,0,0,0,0,0,12007,219228,5.47,5.93,92.24,"E",1991-09-07
"AK","1993-01-09",1,1993-01-02,2402,30,21,0,0,15124,263,260,0,0,0,0,0,0,12452,220409,5.64,6.145,91.78,"E",1991-09-07
"AK","1993-01-16",2,1993-01-09,2041,23,19,0,0,15171,312,214,0,0,0,0,0,0,12843,220409,5.82,6.415,90.72,"E",1991-09-07
"AK","1993-01-23",3,1993-01-16,1922,31,15,0,0,15071,285,215,0,0,0,0,0,0,13199,220409,5.98,6.64,90.06,"E",1991-09-07
"AK","1993-01-30",4,1993-01-23,2331,35,21,0,0,16319,340,230,0,0,0,0,0,0,13583,220409,6.16,6.87,89.66,"E",1991-09-07
"AK","1993-02-06",5,1993-01-30,1882,23,21,0,0,15948,314,233,0,0,0,0,0,0,13893,220409,6.3,7.09,88.85,"E",1991-09-07
"AK","1993-02-13",6,1993-02-06,1790,19,11,0,0,17025,314,242,0,0,0,0,0,0,14249,220409,6.46,7.3,88.49,"E",1991-09-07
"AK","1993-02-20",7,1993-02-13,1488,14,9,0,0,15086,313,221,0,0,0,0,20,20,14426,220409,6.54,7.465,87.6,"E",1991-09-07
"AK","1993-02-27",8,1993-02-20,1911,27,19,0,0,16083,328,222,0,0,0,0,94,93,14708,220409,6.67,7.645,87.24,"E",1991-09-07
"AK","1993-03-06",9,1993-02-27,1621,12,12,0,0,15143,297,222,0,0,0,0,122,122,14811,220409,6.71,7.76,86.46,"E",1991-09-07
"AK","1993-03-13",10,1993-03-06,1699,18,20,0,0,15032,355,235,0,0,0,0,215,210,14952,220409,6.78,7.875,86.09,"E",1991-09-07
"AK","1993-03-20",11,1993-03-13,1626,12,19,0,0,14823,278,221,0,0,0,0,186,184,15076,220409,6.84,7.96,85.92,"E",1991-09-07
"AK","1993-03-27",12,1993-03-20,1467,23,19,0,0,14252,302,245,0,0,0,0,312,310,15280,220409,6.93,8.095,85.6,"E",1991-09-07
"AK","1993-04-03",13,1993-03-27,1868,17,13,0,0,13923,259,243,0,0,0,0,244,242,15308,220409,6.94,8.135,85.31,"E",1991-09-07
"AK","1993-04-10",14,1993-04-03,2234,37,17,0,0,13743,310,221,0,0,0,0,358,354,15201,221254,6.87,8.11,84.71,"E",1991-09-07
"AK","1993-04-17",15,1993-04-10,2012,44,18,0,0,14753,285,225,0,0,0,0,331,326,15169,221254,6.85,8.075,84.82,"E",1991-09-07
"AK","1993-04-24",16,1993-04-17,2090,51,19,0,0,13995,356,233,0,0,0,0,340,338,15087,221254,6.81,8.035,84.75,"E",1991-09-07
"AK","1993-05-01",17,1993-04-24,1852,16,6,0,0,14307,294,210,0,0,0,0,271,269,14932,221254,6.74,7.945,84.83,"E",1991-09-07
"AK","1993-05-08",18,1993-05-01,1774,23,22,0,0,13345,334,196,0,0,0,0,255,251,14732,221254,6.65,7.835,84.87,"E",1991-09-07
"AK","1993-05-15",19,1993-05-08,1486,31,16,0,0,13757,286,189,0,0,0,0,223,219,14480,221254,6.54,7.685,85.1,"E",1991-09-07
"AK","1993-05-22",20,1993-05-15,1248,21,9,0,0,12177,301,229,0,0,0,0,229,227,14256,221254,6.44,7.55,85.29,"E",1991-09-07
"AK","1993-05-29",21,1993-05-22,1581,19,15,0,0,12229,242,193,0,0,0,0,231,229,13960,221254,6.3,7.345,85.77,"E",1991-09-07
"AK","1993-06-05",22,1993-05-29,1302,14,13,0,0,10312,241,178,0,0,0,0,212,212,13588,221254,6.14,7.16,85.75,"E",1991-09-07
"AK","1993-06-12",23,1993-06-05,1574,24,14,0,0,11418,237,207,0,0,0,0,198,196,13310,221254,6.01,6.965,86.28,"E",1991-09-07
"AK","1993-06-19",24,1993-06-12,1578,16,13,0,0,10247,238,193,0,0,0,0,190,190,12958,221254,5.85,6.78,86.28,"E",1991-09-07
"AK","1993-06-26",25,1993-06-19,1488,28,17,0,0,9756,204,166,0,0,0,0,212,210,12612,221254,5.7,6.575,86.69,"E",1991-09-07
"AK","1993-07-03",26,1993-06-26,1361,16,4,0,0,9204,226,194,0,0,0,0,188,188,12249,221254,5.53,6.37,86.81,"E",1991-09-07
"AK","1993-07-10",27,1993-07-03,1309,15,9,0,0,8505,172,154,0,0,0,0,200,198,11847,221795,5.34,6.14,86.97,"E",1991-09-07
"AK","1993-07-17",28,1993-07-10,1420,19,23,0,0,9503,239,175,0,0,0,0,206,206,11443,221795,5.15,5.94,86.7,"E",1991-09-07
"AK","1993-07-24",29,1993-07-17,1398,17,14,0,0,9294,180,155,0,0,0,0,167,165,11081,221795,4.99,5.745,86.85,"E",1991-09-07
"AK","1993-07-31",30,1993-07-24,1386,21,18,0,0,8883,207,191,0,0,0,0,207,207,10664,221795,4.8,5.565,86.25,"E",1991-09-07
"AK","1993-08-07",31,1993-07-31,1207,12,14,0,0,8932,185,158,0,0,0,0,186,184,10324,221795,4.65,5.4,86.11,"E",1991-09-07
"AK","1993-08-14",32,1993-08-07,1182,13,11,0,0,8743,206,178,0,0,0,0,210,210,9939,221795,4.48,5.245,85.41,"E",1991-09-07
"AK","1993-08-21",33,1993-08-14,1269,13,14,0,0,8534,189,130,0,0,0,0,188,184,9658,221795,4.35,5.1,85.29,"E",1991-09-07
"AK","1993-08-28",34,1993-08-21,1249,13,9,0,0,8577,211,154,0,0,0,0,183,180,9378,221795,4.22,4.99,84.56,"E",1991-09-07
"AK","1993-09-04",35,1993-08-28,1468,17,7,0,0,8469,172,155,0,0,0,0,183,179,9236,221795,4.16,4.9,84.89,"E",1991-09-07
"AK","1993-09-11",36,1993-09-04,1317,16,12,0,0,7961,206,124,0,0,0,0,189,184,8970,221795,4.04,4.785,84.43,"E",1991-09-07
"AK","1993-09-18",37,1993-09-11,1449,13,12,0,0,8904,202,155,0,0,0,0,207,203,8867,221795,3.99,4.69,85.07,"E",1991-09-07
"AK","1993-09-25",38,1993-09-18,1435,16,16,0,0,8640,199,138,0,0,0,0,181,175,8781,221795,3.95,4.61,85.68,"E",1991-09-07
"AK","1993-10-02",39,1993-09-25,1859,36,19,0,0,9120,234,150,0,0,0,0,212,210,8774,221795,3.95,4.585,86.15,"E",1991-09-07
"AK","1993-10-09",40,1993-10-02,2295,39,23,0,0,9090,228,146,0,0,0,0,167,161,8819,222459,3.96,4.515,87.7,"E",1991-09-07
"AK","1993-10-16",41,1993-10-09,2125,36,14,0,0,9765,283,143,0,0,10,8,184,182,8839,222459,3.97,4.495,88.32,"E",1991-09-07
"AK","1993-10-23",42,1993-10-16,2095,31,10,0,0,10375,278,181,0,0,32,30,148,142,8923,222459,4.01,4.52,88.71,"E",1991-09-07
"AK","1993-10-30",43,1993-10-23,2208,52,13,0,0,11209,307,167,0,0,48,41,158,152,9101,222459,4.09,4.57,89.49,"E",1991-09-07
"AK","1993-11-06",44,1993-10-30,2121,76,6,0,0,11996,280,180,0,0,46,44,131,123,9337,222459,4.19,4.655,90.01,"E",1991-09-07
"AK","1993-11-13",45,1993-11-06,1821,40,9,0,0,12051,346,152,0,0,49,46,109,109,9592,222459,4.31,4.765,90.45,"E",1991-09-07
"AK","1993-11-20",46,1993-11-13,2173,31,22,0,0,13493,398,186,0,0,39,35,89,87,9973,222459,4.48,4.91,91.24,"E",1991-09-07
"AK","1993-11-27",47,1993-11-20,1760,28,4,0,0,12457,350,136,0,0,10,9,69,69,10272,222459,4.61,5.03,91.65,"E",1991-09-07
"AK","1993-12-04",48,1993-11-27,1871,27,7,0,0,14776,389,226,0,0,82,73,116,116,10757,222459,4.83,5.22,92.52,"E",1991-09-07
"AK","1993-12-11",49,1993-12-04,1854,30,9,0,0,14549,367,175,0,0,36,31,97,97,11263,222459,5.06,5.41,93.53,"E",1991-09-07
"AK","1993-12-18",50,1993-12-11,1941,24,11,0,0,14684,385,173,0,0,30,28,116,116,11708,222459,5.26,5.605,93.84,"E",1991-09-07
"AK","1993-12-25",51,1993-12-18,1810,23,13,0,0,13588,326,156,0,0,50,42,103,99,12089,222459,5.43,5.74,94.59,"E",1991-09-07
"AK","1994-01-01",52,1993-12-25,1486,25,15,0,0,14616,398,194,0,0,43,39,82,82,12511,222459,5.62,5.935,94.69,"E",1991-09-07
"AK","1994-01-08",1,1994-01-01,2787,41,15,0,0,16808,375,183,0,0,50,48,76,76,13105,223237,5.87,6.14,95.6,"E",1991-09-07
"AK","1994-01-15",2,1994-01-08,2299,29,7,0,0,16001,427,192,0,0,45,43,79,79,13585,223237,6.08,6.39,95.14,"E",1991-09-07
"AK","1994-01-22",3,1994-01-15,2416,39,6,0,0,17251,409,176,0,0,30,26,69,69,14114,223237,6.32,6.585,95.97,"E",1991-09-07
"AK","1994-01-29",4,1994-01-22,2223,34,8,0,0,18505,447,180,0,0,46,45,92,92,14675,223237,6.57,6.815,96.4,"E",1991-09-07
"AK","1994-02-05",5,1994-01-29,2363,30,14,0,0,18569,463,184,0,0,1226,1187,153,151,15181,223237,6.8,6.995,97.21,"B",1994-01-23
"AK","1994-02-12",6,1994-02-05,2055,23,11,0,0,18263,519,176,0,0,3122,3026,90,88,15658,223237,7.01,7.19,97.49,"B",1994-01-23
"AK","1994-02-19",7,1994-02-12,2073,24,12,0,0,18178,417,189,0,0,3417,3307,101,101,16019,223237,7.17,7.3,98.21,"B",1994-01-23
"AK","1994-02-26",8,1994-02-19,1614,15,11,0,0,16956,475,176,0,0,4267,4132,93,91,16365,223237,7.33,7.47,98.12,"B",1994-01-23
"AK","1994-03-05",9,