,,,THE INDEX OF CONSUMER SENTIMENT,,,,,,,,,,,
,,,,,,,,,,,,,,
,,,,,,,,,,,,,,
DATE OF SURVEY,,,,INDEX OF CONSUMER SENTIMENT,,,,,,,,,,
,,,,,,,,,,,,,,
September,2025,,,55.1,,,,,,,,,,
October,2025,,,53.6,,,,,,,,,,
November,2025,,,51.0,,,,,,,,,,
December,2025,,,52.9,,,,,,,,,,
January,2026,,,56.4,,,,,,,,,,
February,2026,,,56.6,,,,,,,,,,
March,2026,,,53.3,,,,,,,,,,
April,2026,,,49.8,,,,,,,,,,
May,2026,,,44.8,,,,,,,,,,
June,2026,,,49.5,,,,,,,,,,
July,2026,,,55.2,,,,,,,,,,
August,2026,,,51.7,,,,,,,,,,
September,2026,,,48.1,,,,,,,,,,
,,,,,,,,,,,,,,
